id,nombre,edad,genero,id_vehiculo,region
81,Crystal Myers,57,Male,81,New Mexico
53,David Hernandez,77,Female,53,South Dakota
196,Thomas May,74,Female,196,South Carolina
331,Brian Anderson,30,Male,91,New Mexico
294,Kristen Green,38,Female,130,Alabama
348,Brent Cox,66,Female,66,New Mexico
64,William Pratt,48,Male,64,Texas
172,Jason Brown,28,Male,172,Idaho
100,Robert Mendoza,51,Male,100,Louisiana
125,Deanna Rice,64,Male,125,Connecticut
398,Kathy Knight,40,Female,183,Maryland
309,Cathy Moore,46,Female,21,Indiana
450,Heather Smith,46,Female,135,Utah
409,Christie Farmer,37,Female,151,Washington
402,Monica Spears,42,Male,71,Colorado
177,Brian Reed,47,Female,177,Indiana
339,Timothy Duncan,60,Female,176,South Carolina
47,Lisa Duncan,41,Female,47,Georgia
123,Deborah Mayer,51,Female,123,Wyoming
0,April Gregory,80,Female,0,Texas
325,Laura Reid,48,Male,120,Utah
152,Gary Johnson,69,Male,152,Hawaii
246,Mary Duncan,79,Female,43,Virginia
369,Jessica Velazquez,57,Female,164,New Mexico
450,Heather Smith,46,Female,135,Massachusetts
218,Mr. Timothy Harding,45,Female,37,North Dakota
437,Clifford Christensen,35,Female,12,South Carolina
427,Taylor Robertson,77,Female,189,Delaware
84,Jillian Perry,76,Female,84,Idaho
260,Veronica Arroyo,61,Male,178,Kentucky
6,Casey Garcia,60,Female,6,South Dakota
259,Crystal Pacheco,67,Female,95,New York
31,Erin Snyder,28,Male,31,North Dakota
58,Holly Goodwin,36,Male,58,New Mexico
41,Tina Cox,38,Female,41,Rhode Island
446,Jeffrey Dawson,29,Female,4,North Dakota
99,Ana Watson,70,Female,99,North Dakota
394,Jose Miller,37,Male,95,Massachusetts
1,Lori Ford,72,Female,1,Washington
298,Garrett Diaz,75,Female,179,Washington
244,Thomas Harrell,70,Female,126,Maryland
187,Mary Winters,56,Female,187,North Dakota
52,Vincent Tapia,77,Female,52,Pennsylvania
375,Timothy Santos,63,Female,129,Kansas
279,Daniel Young,46,Female,29,Idaho
408,Mrs. Nicole Turner,29,Male,190,Utah
6,Casey Garcia,60,Female,6,Oklahoma
439,Janice Hughes,68,Female,41,Iowa
311,Eric Nolan,48,Male,109,Maine
273,Laurie Garcia,73,Male,125,Iowa
181,Susan Hunt,76,Male,181,West Virginia
30,Carlos Thompson,29,Male,30,South Carolina
46,Jacob Miller,76,Female,46,Vermont
340,Eric Nelson,76,Male,112,North Dakota
167,Patrick Ramirez,63,Male,167,Texas
74,Tara Wolf,48,Female,74,Kentucky
200,Jennifer Wright,48,Male,149,Alabama
320,Steven Sanchez,40,Female,184,North Dakota
335,Jason Anderson,28,Male,159,Connecticut
95,Zachary Johnson,71,Female,95,Vermont
359,Dr. Nicole Martinez,71,Male,128,Oregon
368,Robert Davis,63,Male,120,Oklahoma
299,Eric Thomas,60,Male,184,North Carolina
166,Mr. Travis Villegas PhD,41,Male,166,Kentucky
161,Andrea Garcia,30,Male,161,South Dakota
259,Crystal Pacheco,67,Female,95,Massachusetts
175,Stacy Morrison,37,Male,175,Mississippi
359,Dr. Nicole Martinez,71,Male,128,Arizona
383,Laura Bryan,45,Male,186,Kentucky
398,Kathy Knight,40,Female,183,Vermont
15,William Rodriguez,47,Female,15,Arkansas
390,Rebecca Martinez DVM,58,Male,67,Georgia
208,James Orozco,27,Female,169,Texas
149,Brooke Mcintosh,72,Male,149,New Mexico
479,Annette Johnson,67,Male,168,Colorado
78,Martin Zimmerman,53,Male,78,California
400,Michael Mendoza,36,Female,162,Virginia
105,Sandra Fuller,41,Male,105,Hawaii
10,Edward Holmes,47,Female,10,Washington
318,Amanda Vargas,51,Male,156,Georgia
427,Taylor Robertson,77,Female,189,North Dakota
216,Roberto Evans,34,Female,105,Colorado
77,Jonathan Roy,49,Female,77,Maryland
465,Taylor Ramirez,40,Female,132,New York
22,Zachary Marsh,26,Female,22,Alabama
330,Elizabeth Campbell,39,Male,165,New York
29,Andrea Martinez,43,Male,29,North Dakota
390,Rebecca Martinez DVM,58,Male,67,Kansas
327,Andrew Wilson,80,Female,59,Colorado
254,Joseph Mcintyre,48,Female,21,Florida
23,Matthew Evans,45,Male,23,Texas
438,Jonathan Norman,40,Female,34,Washington
233,Andre Becker,40,Female,89,Alabama
439,Janice Hughes,68,Female,41,Connecticut
101,Kim Rodriguez,32,Male,101,New York
315,Jeffrey Riley,48,Male,94,Washington
127,Angela Collins,78,Female,127,Nevada
303,Joseph Larson,40,Male,120,Pennsylvania
357,Paul Trujillo,73,Female,69,Illinois
2,David Miller,72,Female,2,Indiana
164,Alexander Tanner,40,Male,164,Ohio
137,Jennifer Herman,32,Female,137,Texas
52,Vincent Tapia,77,Female,52,California
497,Jeffrey Johnson,80,Female,80,Texas
253,Hannah Bennett,65,Female,136,Mississippi
484,Ricky Torres,77,Male,75,Oklahoma
336,Joseph Molina,35,Male,13,Nebraska
64,William Pratt,48,Male,64,Michigan
105,Sandra Fuller,41,Male,105,Wisconsin
256,Grace Martin,80,Male,84,New Mexico
363,Heidi Hawkins,32,Male,196,New Mexico
93,Michelle Cole,76,Female,93,Kentucky
337,Charlene Cruz,46,Male,154,Rhode Island
221,Sydney Terrell,58,Female,87,Utah
185,Victor Johnson,49,Female,185,Louisiana
362,Paula Wright,79,Female,1,Alabama
271,Janet Romero,79,Male,196,Alaska
267,Chris Jones,37,Female,142,Colorado
305,Andrea Harris,73,Male,18,Iowa
95,Zachary Johnson,71,Female,95,Kansas
233,Andre Becker,40,Female,89,Louisiana
395,Sarah Jones,30,Female,102,South Carolina
497,Jeffrey Johnson,80,Female,80,Minnesota
132,Katherine Barton,26,Female,132,Arkansas
72,Lisa Allen,48,Male,72,Mississippi
147,Jason Wallace DDS,61,Male,147,Maine
364,Renee Dominguez,79,Female,83,Florida
394,Jose Miller,37,Male,95,Arkansas
416,Anthony Woods,64,Female,87,Kentucky
103,Sharon Bell,72,Female,103,Utah
249,Miguel Lloyd,53,Female,167,Kansas
266,Jonathan Allen,44,Female,139,Louisiana
216,Roberto Evans,34,Female,105,Colorado
477,Vincent Lewis,79,Female,190,Missouri
396,Lisa Ortiz,36,Female,147,Mississippi
197,Shane Aguilar,58,Male,197,Oklahoma
80,Michelle Thompson,56,Female,80,New Hampshire
59,Jennifer Walters,71,Male,59,Rhode Island
317,Susan Thompson,65,Male,68,Indiana
312,Andrew Miller,37,Male,0,North Dakota
57,Patricia Bradley,36,Female,57,West Virginia
365,Christopher Calderon,33,Male,95,Rhode Island
220,Steven Jackson,70,Female,63,Washington
397,Margaret Simon,47,Female,27,Massachusetts
349,Ariel Tran,46,Female,153,New Hampshire
354,Elizabeth Scott,80,Female,26,North Dakota
355,Tracy Cox,32,Male,18,Iowa
245,Elizabeth Davis,56,Male,49,Maine
212,Stanley Zhang,57,Male,13,Georgia
490,Alan Torres Jr.,63,Male,88,Michigan
152,Gary Johnson,69,Male,152,Mississippi
184,Ashley Allen,44,Female,184,Kentucky
412,Diana Carroll,41,Female,84,Florida
207,Brian Mata,79,Female,167,Oregon
151,Joshua Le,36,Female,151,Hawaii
292,James Davis,79,Female,176,Alaska
63,Darren Ward,41,Female,63,North Carolina
428,Alexander Evans,50,Male,170,New Mexico
287,Gabriela Knight,70,Female,74,Nevada
245,Elizabeth Davis,56,Male,49,Mississippi
183,David Zamora,80,Female,183,Arizona
2,David Miller,72,Female,2,Rhode Island
89,Michael Burnett,58,Female,89,Louisiana
70,Susan Edwards,79,Female,70,Pennsylvania
195,Brian Adams,65,Male,195,South Dakota
367,Dana Wells,36,Male,17,Montana
362,Paula Wright,79,Female,1,Connecticut
405,Brianna Baker,38,Male,32,New Hampshire
84,Jillian Perry,76,Female,84,Georgia
189,Jeffrey Perry,74,Female,189,Arkansas
361,Seth Beck,55,Male,156,Michigan
453,Patricia Smith,49,Male,177,Colorado
421,Alyssa Gibson,44,Male,58,North Dakota
371,Anita Vazquez,31,Female,70,Arkansas
112,Rebecca Myers,64,Male,112,South Dakota
420,Katie Castro,74,Male,126,Indiana
469,Jonathan Villa,54,Female,14,Florida
257,Jessica Torres,78,Female,100,Colorado
230,Jared Wright,53,Male,70,Idaho
453,Patricia Smith,49,Male,177,Mississippi
284,Scott Clayton,63,Female,144,West Virginia
248,Patrick Bates,78,Female,180,Utah
407,Rebecca Stephens,53,Male,30,Nevada
491,Jessica Cox,69,Male,58,California
300,James Frank,71,Female,142,Massachusetts
298,Garrett Diaz,75,Female,179,Ohio
315,Jeffrey Riley,48,Male,94,Texas
117,Larry Holmes,79,Male,117,Louisiana
183,David Zamora,80,Female,183,Oklahoma
493,Andrea Serrano,49,Female,197,Pennsylvania
275,Dennis Mayer,25,Male,132,Arizona
271,Janet Romero,79,Male,196,New Hampshire
352,Jeffrey Rivera,30,Male,101,Alaska
86,Michael Thomas,43,Male,86,Montana
341,Tiffany Johnson,76,Female,124,Rhode Island
66,Patrick Bell,79,Female,66,Louisiana
50,Brandon Wilkinson,62,Male,50,Hawaii
179,Melissa Gonzales,33,Female,179,Wisconsin
148,Dean Bruce,41,Male,148,Georgia
346,Susan Long MD,60,Female,187,New Mexico
230,Jared Wright,53,Male,70,South Carolina
134,Brian Lee,61,Male,134,Indiana
85,Jared Murray,68,Male,85,Massachusetts
445,Jennifer Richmond,68,Male,170,New Jersey
205,Maria Pearson,35,Female,45,Illinois
81,Crystal Myers,57,Male,81,Maine
254,Joseph Mcintyre,48,Female,21,Kentucky
153,Caroline Williams,72,Female,153,Missouri
485,Cheryl Allen,46,Male,175,Montana
106,William Lowery,64,Female,106,Hawaii
15,William Rodriguez,47,Female,15,Nevada
73,Christopher Campbell,47,Female,73,Massachusetts
115,Michael Park,61,Male,115,Vermont
316,Maxwell Wilson,51,Male,159,Maryland
172,Jason Brown,28,Male,172,Illinois
41,Tina Cox,38,Female,41,Minnesota
405,Brianna Baker,38,Male,32,California
85,Jared Murray,68,Male,85,Rhode Island
202,Jessica Lopez,73,Female,95,Maryland
434,Betty Allen,37,Female,135,Tennessee
14,Mrs. Kelly Ray,72,Male,14,Ohio
126,Juan Kennedy,25,Female,126,New Jersey
296,Heather Contreras,75,Female,20,Maine
145,Jennifer Dickson,72,Female,145,Alabama
7,Tracy Vargas,30,Male,7,Nebraska
197,Shane Aguilar,58,Male,197,Alabama
407,Rebecca Stephens,53,Male,30,Massachusetts
416,Anthony Woods,64,Female,87,Arizona
227,Ashley Henderson,64,Male,76,New Hampshire
34,Shawn Cobb,54,Female,34,Florida
455,Joshua Martin,30,Female,105,Massachusetts
362,Paula Wright,79,Female,1,Idaho
326,Allen Stanley,68,Male,81,Wisconsin
114,Aaron Williams,46,Female,114,Iowa
75,Andrew Avila,49,Male,75,Oklahoma
371,Anita Vazquez,31,Female,70,Kentucky
82,Timothy Parker,69,Female,82,Rhode Island
229,Emma Reyes,38,Male,47,West Virginia
204,Dr. Ryan Hopkins,53,Female,123,Wisconsin
13,Antonio Camacho,70,Female,13,Massachusetts
249,Miguel Lloyd,53,Female,167,South Carolina
385,Diana Kim,71,Female,21,Alaska
330,Elizabeth Campbell,39,Male,165,West Virginia
356,Louis Santiago,74,Male,89,Connecticut
314,Mr. James Brown,77,Female,15,New Mexico
477,Vincent Lewis,79,Female,190,Delaware
302,Katherine Ramos,54,Male,67,Vermont
376,Brittany Lopez,52,Male,176,Montana
292,James Davis,79,Female,176,New Hampshire
124,Troy Bates,74,Male,124,Oklahoma
149,Brooke Mcintosh,72,Male,149,Wisconsin
11,Patricia Rodriguez,29,Male,11,Massachusetts
54,Terry Peck,25,Female,54,Massachusetts
143,Heather Dunn,73,Female,143,South Carolina
430,Jose Garcia,60,Female,11,Iowa
205,Maria Pearson,35,Female,45,Alaska
435,Dominic Bryan,26,Male,147,New York
470,Jacob Richard,65,Female,89,New Mexico
36,Jeffrey Patel,41,Female,36,New Jersey
347,Melissa Williamson,47,Female,6,West Virginia
142,Amanda Morgan,80,Male,142,Alaska
96,Mariah Scott,49,Male,96,Kansas
440,Lisa Hoffman,48,Male,156,Vermont
163,James Larson,29,Female,163,West Virginia
171,Robert Owens,42,Male,171,Louisiana
286,William Holland,47,Male,72,Ohio
218,Mr. Timothy Harding,45,Female,37,Delaware
97,Darlene Underwood,58,Male,97,Delaware
441,Christopher Lara,64,Male,89,Tennessee
162,Cathy Herring,38,Female,162,South Dakota
281,Tammy Chavez,29,Male,40,Alabama
201,Jeffrey Watkins,77,Female,26,Texas
424,Dean Reed,33,Male,181,Kentucky
460,Amber Bowen,52,Male,191,Wyoming
191,Elizabeth Blanchard,32,Female,191,New York
487,Christopher Murray,56,Female,66,Nebraska
255,Stephanie Beasley,35,Female,31,North Dakota
341,Tiffany Johnson,76,Female,124,California
27,Jennifer Pennington,73,Male,27,Oklahoma
438,Jonathan Norman,40,Female,34,Maryland
378,Brett Jenkins,36,Male,55,Utah
282,Rebecca Holt,42,Male,26,Mississippi
42,Kimberly Lee,75,Male,42,Oregon
238,Heather Henry,54,Male,170,Virginia
448,Kristen Anderson,61,Female,4,Montana
285,Chad Harris,37,Male,119,New Mexico
33,Gerald Norton,80,Male,33,West Virginia
126,Juan Kennedy,25,Female,126,Oklahoma
379,Christina Ayala,69,Female,114,New Hampshire
447,Nathan Jones,57,Female,73,Colorado
21,Misty Lee,61,Male,21,Oklahoma
461,David Rivera,47,Male,125,Missouri
452,Cynthia Harris,70,Female,100,Florida
151,Joshua Le,36,Female,151,Minnesota
451,Eric Barrett,69,Female,49,Louisiana
361,Seth Beck,55,Male,156,West Virginia
8,Cody Lester,58,Female,8,Indiana
86,Michael Thomas,43,Male,86,Utah
423,Anthony Sullivan,74,Male,104,Iowa
196,Thomas May,74,Female,196,Florida
244,Thomas Harrell,70,Female,126,Nevada
343,Adrian Ashley,61,Male,191,Wisconsin
410,Lori Miller,66,Male,139,Louisiana
228,Charles Bryant,26,Female,182,Alabama
358,Richard Becker,70,Female,98,Kentucky
474,Kelli Stephenson,78,Male,55,Montana
448,Kristen Anderson,61,Female,4,Oregon
25,Allen Velez,25,Male,25,South Carolina
169,Katrina Nunez,76,Female,169,West Virginia
458,John Hernandez,34,Male,127,New Jersey
203,Kathryn Watson MD,40,Female,168,Florida
70,Susan Edwards,79,Female,70,Alaska
128,Elizabeth Nguyen,52,Female,128,Hawaii
405,Brianna Baker,38,Male,32,Kentucky
112,Rebecca Myers,64,Male,112,Maine
403,Alexandra Weaver,28,Female,150,Vermont
179,Melissa Gonzales,33,Female,179,Missouri
300,James Frank,71,Female,142,Connecticut
51,Christopher Garner,40,Male,51,Alabama
173,Christina Cochran,50,Female,173,North Carolina
234,Mike Jones,55,Male,34,California
164,Alexander Tanner,40,Male,164,Louisiana
102,Deborah Riggs,65,Female,102,Tennessee
61,Jacob Gentry,35,Female,61,New Mexico
267,Chris Jones,37,Female,142,Kansas
184,Ashley Allen,44,Female,184,Kentucky
373,Linda Hernandez,76,Female,146,Louisiana
277,Steve Walker,75,Female,187,South Dakota
200,Jennifer Wright,48,Male,149,Pennsylvania
117,Larry Holmes,79,Male,117,New Hampshire
223,Leonard Phillips,52,Male,121,Alabama
334,Zachary Smith,67,Female,18,Mississippi
120,John Todd,78,Female,120,West Virginia
237,Lisa Gardner,48,Male,144,Alabama
386,Richard Alvarado,43,Female,10,Utah
287,Gabriela Knight,70,Female,74,Mississippi
159,Stephen Murray,30,Male,159,Illinois
5,Sarah Bradley,47,Female,5,Louisiana
429,Jamie Butler,36,Male,42,Missouri
172,Jason Brown,28,Male,172,Michigan
350,Alec Clark,66,Male,34,South Dakota
312,Andrew Miller,37,Male,0,Maine
198,Jessica Franklin,29,Male,198,Mississippi
469,Jonathan Villa,54,Female,14,North Dakota
24,Joseph Navarro,44,Male,24,North Carolina
422,Dakota Wilson,79,Male,14,Colorado
132,Katherine Barton,26,Female,132,New York
489,Sara Mccarthy,77,Male,191,Kentucky
139,Pamela Taylor,32,Male,139,Delaware
468,John Bowers,40,Male,193,Illinois
94,Amy Morrison,45,Male,94,Rhode Island
36,Jeffrey Patel,41,Female,36,West Virginia
222,Henry Smith,65,Female,12,New Hampshire
345,Alexandra Casey,31,Female,16,Oklahoma
340,Eric Nelson,76,Male,112,West Virginia
472,Kimberly Pierce MD,69,Male,135,New Jersey
455,Joshua Martin,30,Female,105,New Jersey
9,Tracy Morrison,37,Female,9,New Hampshire
296,Heather Contreras,75,Female,20,Virginia
108,Jessica Lang,78,Male,108,Missouri
347,Melissa Williamson,47,Female,6,New York
13,Antonio Camacho,70,Female,13,Ohio
301,Debra King,47,Female,44,Nebraska
234,Mike Jones,55,Male,34,New Hampshire
146,Karen Doyle DDS,58,Female,146,Arkansas
302,Katherine Ramos,54,Male,67,New York
209,Maria Kelley,51,Male,3,California
272,Kimberly Hall MD,48,Male,26,Iowa
223,Leonard Phillips,52,Male,121,Louisiana
387,Benjamin Bryant,37,Female,80,Connecticut
414,Mr. Robert Gonzalez,28,Male,193,Georgia
203,Kathryn Watson MD,40,Female,168,Virginia
364,Renee Dominguez,79,Female,83,Missouri
227,Ashley Henderson,64,Male,76,Illinois
286,William Holland,47,Male,72,Alaska
58,Holly Goodwin,36,Male,58,North Carolina
76,Jacob Cruz,70,Male,76,Arizona
329,David Hendrix,28,Male,52,New Mexico
322,Angel Bradley,69,Male,19,Alaska
65,Denise Peck,35,Female,65,New Jersey
314,Mr. James Brown,77,Female,15,Hawaii
480,Paul Johnson,67,Male,18,Alaska
19,Michael Bryant,29,Male,19,Michigan
468,John Bowers,40,Male,193,Arizona
92,Shelley Clark,46,Female,92,Washington
274,Danielle Navarro,42,Male,8,Ohio
478,Susan Mcdonald,31,Male,54,Michigan
57,Patricia Bradley,36,Female,57,Alabama
217,Laura Reed,71,Female,86,Nebraska
408,Mrs. Nicole Turner,29,Male,190,Missouri
466,William Wilson,38,Male,162,Idaho
370,Maureen Sosa,44,Male,21,Utah
23,Matthew Evans,45,Male,23,Massachusetts
10,Edward Holmes,47,Female,10,Maryland
471,Kimberly Morales,66,Female,197,Indiana
342,Donna Johnson,28,Male,152,Louisiana
232,Cindy Durham,62,Female,174,Colorado
120,John Todd,78,Female,120,Illinois
295,Rebecca Yates,53,Male,106,Wisconsin
39,Crystal Hoffman,62,Female,39,Rhode Island
239,Larry Barnes,36,Male,96,Tennessee
122,Lacey Davenport,78,Male,122,Kentucky
39,Crystal Hoffman,62,Female,39,Nebraska
481,Brandon Porter,71,Female,178,North Dakota
370,Maureen Sosa,44,Male,21,Hawaii
271,Janet Romero,79,Male,196,Vermont
276,Rachel Peck,47,Female,6,West Virginia
146,Karen Doyle DDS,58,Female,146,Idaho
483,Steven Webb,60,Female,47,Vermont
99,Ana Watson,70,Female,99,Alaska
132,Katherine Barton,26,Female,132,Oklahoma
215,Jennifer Levy,46,Male,91,Rhode Island
344,Adam Elliott,40,Male,47,Georgia
101,Kim Rodriguez,32,Male,101,New Jersey
73,Christopher Campbell,47,Female,73,New Hampshire
236,Brittany White,65,Male,11,Delaware
436,Nicole Wilson,73,Male,143,Florida
9,Tracy Morrison,37,Female,9,Utah
431,Chelsey Johnson,27,Female,113,Missouri
308,Anne Hunter,58,Male,147,Tennessee
43,Gabriel Walker,74,Female,43,Washington
386,Richard Alvarado,43,Female,10,Texas
134,Brian Lee,61,Male,134,Maine
464,Martha Johnson,27,Female,31,South Carolina
365,Christopher Calderon,33,Male,95,Illinois
263,Diane Koch,53,Male,53,South Dakota
304,Mark Walker,49,Male,99,Idaho
244,Thomas Harrell,70,Female,126,Georgia
28,Debra Cooper,68,Male,28,Maryland
45,Timothy Stone,51,Female,45,Idaho
411,James Simmons,78,Female,44,Nebraska
43,Gabriel Walker,74,Female,43,Maryland
393,Justin Matthews,38,Male,121,New Hampshire
0,April Gregory,80,Female,0,New Jersey
68,Dawn Sosa,31,Male,68,Iowa
17,Kaitlyn Schneider,33,Male,17,Tennessee
251,Shawn Taylor,57,Male,129,Connecticut
67,Christian Villarreal,77,Male,67,Alabama
296,Heather Contreras,75,Female,20,North Carolina
250,Colleen Harrison,54,Female,71,Colorado
242,Patrick Charles,48,Male,20,Iowa
426,Nathan Powell,67,Female,107,Nevada
431,Chelsey Johnson,27,Female,113,North Dakota
241,Dawn Ford,32,Male,116,Minnesota
110,Thomas Pearson,80,Female,110,Idaho
424,Dean Reed,33,Male,181,South Dakota
494,Mr. Juan Reynolds,30,Male,168,Vermont
139,Pamela Taylor,32,Male,139,Oregon
29,Andrea Martinez,43,Male,29,Wyoming
409,Christie Farmer,37,Female,151,Alabama
109,Samuel Young,44,Female,109,New Hampshire
319,Caitlin Jenkins,48,Male,103,Vermont
459,Brenda Lee,61,Male,64,Washington
331,Brian Anderson,30,Male,91,Georgia
224,Richard Soto,54,Female,131,Massachusetts
478,Susan Mcdonald,31,Male,54,Missouri
294,Kristen Green,38,Female,130,West Virginia
21,Misty Lee,61,Male,21,Hawaii
75,Andrew Avila,49,Male,75,New Hampshire
457,Anthony Anderson,47,Male,191,Wisconsin
388,Joanna Rollins,36,Female,20,Maine
261,Stephen Peck,56,Female,106,Iowa
235,Brian Smith,62,Female,98,Virginia
87,Jessica Martinez PhD,64,Male,87,Wisconsin
63,Darren Ward,41,Female,63,Illinois
272,Kimberly Hall MD,48,Male,26,Texas
275,Dennis Mayer,25,Male,132,Washington
20,James Johnson,37,Male,20,South Carolina
131,Amy Serrano,56,Male,131,Missouri
441,Christopher Lara,64,Male,89,New Mexico
436,Nicole Wilson,73,Male,143,North Dakota
243,David Lowe,77,Male,22,Colorado
486,Jordan Murphy,59,Male,91,North Carolina
470,Jacob Richard,65,Female,89,Kentucky
426,Nathan Powell,67,Female,107,Hawaii
32,Catherine Osborn,49,Female,32,Wisconsin
389,Tina Williams,76,Female,33,Hawaii
139,Pamela Taylor,32,Male,139,Arkansas
44,Justin Ingram,53,Female,44,Hawaii
401,Matthew Noble,32,Female,116,Tennessee
490,Alan Torres Jr.,63,Male,88,Wisconsin
22,Zachary Marsh,26,Female,22,Ohio
90,Tyler Gomez,70,Female,90,New Mexico
230,Jared Wright,53,Male,70,West Virginia
327,Andrew Wilson,80,Female,59,New Mexico
69,Brittany Poole,76,Female,69,Wyoming
71,Courtney Lee,35,Female,71,Mississippi
487,Christopher Murray,56,Female,66,Hawaii
79,Karen Santos,39,Male,79,Texas
293,Jacob Hernandez,57,Female,194,Indiana
239,Larry Barnes,36,Male,96,Hawaii
319,Caitlin Jenkins,48,Male,103,Utah
83,Jeremy Lawrence,27,Male,83,Texas
466,William Wilson,38,Male,162,Texas
163,James Larson,29,Female,163,Alabama
277,Steve Walker,75,Female,187,Hawaii
356,Louis Santiago,74,Male,89,California
232,Cindy Durham,62,Female,174,Hawaii
133,Sarah Reynolds,70,Female,133,North Dakota
110,Thomas Pearson,80,Female,110,Oregon
103,Sharon Bell,72,Female,103,Maryland
65,Denise Peck,35,Female,65,South Carolina
76,Jacob Cruz,70,Male,76,Mississippi
422,Dakota Wilson,79,Male,14,Kentucky
19,Michael Bryant,29,Male,19,North Dakota
489,Sara Mccarthy,77,Male,191,Idaho
201,Jeffrey Watkins,77,Female,26,Washington
194,Jesse Perez,33,Male,194,Pennsylvania
155,Patricia Evans,46,Female,155,Alabama
137,Jennifer Herman,32,Female,137,Wyoming
470,Jacob Richard,65,Female,89,Arkansas
466,William Wilson,38,Male,162,Idaho
211,Christy Chavez,63,Male,146,North Carolina
3,Brandy White,76,Female,3,Hawaii
328,Kyle Fox,52,Female,170,California
454,William Thomas,77,Male,1,Pennsylvania
166,Mr. Travis Villegas PhD,41,Male,166,Illinois
288,Phyllis Nunez,36,Female,91,Maryland
250,Colleen Harrison,54,Female,71,Ohio
402,Monica Spears,42,Male,71,Minnesota
418,David Green,65,Female,70,Wisconsin
247,Hunter Allen,61,Female,181,Idaho
87,Jessica Martinez PhD,64,Male,87,New Hampshire
340,Eric Nelson,76,Male,112,Mississippi
456,Jamie Hammond,26,Male,11,Arkansas
241,Dawn Ford,32,Male,116,Nebraska
148,Dean Bruce,41,Male,148,Nevada
366,Michael Gilmore,43,Female,142,Rhode Island
194,Jesse Perez,33,Male,194,Iowa
214,Sean Davis MD,57,Male,6,Utah
419,Laura Barnett,37,Male,61,Rhode Island
273,Laurie Garcia,73,Male,125,Mississippi
178,Dr. Justin Figueroa,66,Female,178,Rhode Island
36,Jeffrey Patel,41,Female,36,Kansas
432,Brian Jones,56,Male,6,South Dakota
199,Daniel Davis,34,Female,199,New Mexico
124,Troy Bates,74,Male,124,Indiana
360,Steven Williams,68,Male,156,Mississippi
98,Reginald Harris,58,Female,98,Tennessee
387,Benjamin Bryant,37,Female,80,Missouri
295,Rebecca Yates,53,Male,106,Rhode Island
351,Sara Morales,66,Male,59,North Dakota
291,Valerie Rhodes,33,Female,166,Nebraska
67,Christian Villarreal,77,Male,67,Oklahoma
65,Denise Peck,35,Female,65,New Jersey
80,Michelle Thompson,56,Female,80,Alaska
208,James Orozco,27,Female,169,Ohio
270,Dennis Hahn,25,Female,191,Iowa
423,Anthony Sullivan,74,Male,104,Illinois
237,Lisa Gardner,48,Male,144,Hawaii
306,Janet Michael,32,Male,41,Kentucky
117,Larry Holmes,79,Male,117,Alabama
161,Andrea Garcia,30,Male,161,Maryland
127,Angela Collins,78,Female,127,Maine
396,Lisa Ortiz,36,Female,147,South Carolina
79,Karen Santos,39,Male,79,Georgia
187,Mary Winters,56,Female,187,Minnesota
373,Linda Hernandez,76,Female,146,Idaho
207,Brian Mata,79,Female,167,Massachusetts
219,Christine Reyes,55,Female,57,North Carolina
155,Patricia Evans,46,Female,155,Delaware
452,Cynthia Harris,70,Female,100,Iowa
270,Dennis Hahn,25,Female,191,Arizona
413,Catherine Moore,59,Male,158,Hawaii
189,Jeffrey Perry,74,Female,189,New Hampshire
97,Darlene Underwood,58,Male,97,Hawaii
299,Eric Thomas,60,Male,184,Massachusetts
104,Victoria Combs,76,Female,104,Mississippi
136,Troy Powell,29,Female,136,Arizona
462,Katrina Blackwell,37,Female,62,New York
211,Christy Chavez,63,Male,146,Mississippi
196,Thomas May,74,Female,196,Indiana
342,Donna Johnson,28,Male,152,Arkansas
224,Richard Soto,54,Female,131,Tennessee
190,Catherine Walters,44,Female,190,Michigan
192,David Gibson,37,Male,192,Kentucky
310,Samantha Jimenez,45,Female,199,Washington
433,James Watson,29,Female,199,South Dakota
94,Amy Morrison,45,Male,94,Iowa
70,Susan Edwards,79,Female,70,New Mexico
93,Michelle Cole,76,Female,93,Colorado
482,James Chang,25,Male,0,Wisconsin
471,Kimberly Morales,66,Female,197,Alabama
87,Jessica Martinez PhD,64,Male,87,Vermont
379,Christina Ayala,69,Female,114,Massachusetts
240,Laura Simmons,34,Female,194,South Carolina
24,Joseph Navarro,44,Male,24,Oregon
301,Debra King,47,Female,44,Iowa
208,James Orozco,27,Female,169,South Dakota
26,Brad Williams,47,Female,26,Idaho
288,Phyllis Nunez,36,Female,91,Utah
160,Jeanette Rogers,52,Female,160,New York
62,Monique Rodriguez,35,Male,62,Ohio
308,Anne Hunter,58,Male,147,California
177,Brian Reed,47,Female,177,North Dakota
160,Jeanette Rogers,52,Female,160,Florida
178,Dr. Justin Figueroa,66,Female,178,North Dakota
228,Charles Bryant,26,Female,182,Oregon
397,Margaret Simon,47,Female,27,Wisconsin
381,Melinda Green,45,Female,80,Hawaii
82,Timothy Parker,69,Female,82,Maryland
391,Douglas Price,25,Male,121,Wyoming
488,Claire Burns,33,Male,11,Nevada
31,Erin Snyder,28,Male,31,Oregon
492,Shelby Morgan,32,Male,31,North Carolina
63,Darren Ward,41,Female,63,New Hampshire
390,Rebecca Martinez DVM,58,Male,67,Texas
234,Mike Jones,55,Male,34,Kentucky
251,Shawn Taylor,57,Male,129,Colorado
176,Aaron Washington,39,Female,176,Utah
68,Dawn Sosa,31,Male,68,Massachusetts
392,Mr. Brian Owens MD,77,Female,152,Indiana
268,Mr. Victor Pratt,61,Male,181,North Dakota
282,Rebecca Holt,42,Male,26,Texas
321,Cody Webb,57,Female,198,North Dakota
182,Monica Cohen,32,Male,182,Tennessee
350,Alec Clark,66,Male,34,Mississippi
354,Elizabeth Scott,80,Female,26,Massachusetts
18,Jared Perkins,75,Male,18,Iowa
110,Thomas Pearson,80,Female,110,Idaho
472,Kimberly Pierce MD,69,Male,135,Kentucky
285,Chad Harris,37,Male,119,Tennessee
141,Adam Hall,28,Male,141,Oklahoma
281,Tammy Chavez,29,Male,40,North Carolina
23,Matthew Evans,45,Male,23,Kentucky
276,Rachel Peck,47,Female,6,Alaska
274,Danielle Navarro,42,Male,8,West Virginia
285,Chad Harris,37,Male,119,Nebraska
180,Dalton Coffey,30,Male,180,Pennsylvania
472,Kimberly Pierce MD,69,Male,135,Florida
154,Christina Bowen,27,Male,154,North Dakota
123,Deborah Mayer,51,Female,123,New Jersey
442,Patrick Solomon,33,Female,52,South Dakota
291,Valerie Rhodes,33,Female,166,Missouri
313,Corey Neal Jr.,42,Female,170,Hawaii
107,Mary Aguilar,56,Male,107,Vermont
338,Jacqueline Bryant,44,Female,91,Ohio
160,Jeanette Rogers,52,Female,160,Florida
55,Kyle Estes,35,Female,55,Alaska
104,Victoria Combs,76,Female,104,California
264,Cristian Vargas,40,Female,22,Utah
75,Andrew Avila,49,Male,75,Oklahoma
441,Christopher Lara,64,Male,89,New Jersey
154,Christina Bowen,27,Male,154,Louisiana
262,Justin Smith,30,Female,160,Washington
270,Dennis Hahn,25,Female,191,Minnesota
442,Patrick Solomon,33,Female,52,Louisiana
309,Cathy Moore,46,Female,21,North Dakota
162,Cathy Herring,38,Female,162,Hawaii
74,Tara Wolf,48,Female,74,North Dakota
49,Brianna Foster,40,Male,49,Maine
231,Lisa Zavala,51,Female,184,Idaho
187,Mary Winters,56,Female,187,Iowa
121,Tonya Wilson,42,Female,121,Colorado
323,Johnny Walker,30,Female,178,West Virginia
48,Michael Simon,25,Female,48,Montana
192,David Gibson,37,Male,192,Virginia
280,Madeline Meyer,71,Male,173,Oregon
434,Betty Allen,37,Female,135,New Mexico
146,Karen Doyle DDS,58,Female,146,Hawaii
242,Patrick Charles,48,Male,20,Tennessee
307,Justin Baker,57,Female,33,New York
334,Zachary Smith,67,Female,18,Colorado
281,Tammy Chavez,29,Male,40,Tennessee
317,Susan Thompson,65,Male,68,Massachusetts
193,Philip Quinn,71,Female,193,Colorado
413,Catherine Moore,59,Male,158,Illinois
426,Nathan Powell,67,Female,107,North Carolina
42,Kimberly Lee,75,Male,42,New Hampshire
325,Laura Reid,48,Male,120,North Dakota
268,Mr. Victor Pratt,61,Male,181,Alabama
258,Bryan Conley,77,Female,133,Arizona
374,John Carpenter,44,Female,40,Indiana
321,Cody Webb,57,Female,198,North Carolina
28,Debra Cooper,68,Male,28,Hawaii
224,Richard Soto,54,Female,131,New York
437,Clifford Christensen,35,Female,12,Kansas
228,Charles Bryant,26,Female,182,New York
373,Linda Hernandez,76,Female,146,New Hampshire
488,Claire Burns,33,Male,11,Wyoming
290,Timothy Edwards,71,Female,75,Texas
82,Timothy Parker,69,Female,82,Hawaii
40,Crystal Walker,69,Male,40,Utah
275,Dennis Mayer,25,Male,132,Arkansas
54,Terry Peck,25,Female,54,California
143,Heather Dunn,73,Female,143,Texas
440,Lisa Hoffman,48,Male,156,Texas
111,Alexis Curry,39,Male,111,New Hampshire
94,Amy Morrison,45,Male,94,Maryland
78,Martin Zimmerman,53,Male,78,Georgia
1,Lori Ford,72,Female,1,Utah
355,Tracy Cox,32,Male,18,North Dakota
45,Timothy Stone,51,Female,45,Kentucky
217,Laura Reed,71,Female,86,Florida
206,Kelly Butler,75,Male,63,Pennsylvania
206,Kelly Butler,75,Male,63,Maine
350,Alec Clark,66,Male,34,North Dakota
444,Rebecca Massey,71,Female,100,Nevada
39,Crystal Hoffman,62,Female,39,Iowa
106,William Lowery,64,Female,106,Nevada
157,Justin Stewart,53,Male,157,Colorado
269,Crystal Chapman,56,Female,12,Vermont
252,Katherine Phillips,31,Female,19,Georgia
3,Brandy White,76,Female,3,Mississippi
290,Timothy Edwards,71,Female,75,Maryland
476,Kari Wolfe,67,Female,84,Virginia
449,Mark Cardenas,56,Female,29,Vermont
449,Mark Cardenas,56,Female,29,Pennsylvania
91,James Perez,43,Female,91,Arizona
422,Dakota Wilson,79,Male,14,Montana
6,Casey Garcia,60,Female,6,Utah
482,James Chang,25,Male,0,New Mexico
137,Jennifer Herman,32,Female,137,Hawaii
52,Vincent Tapia,77,Female,52,Idaho
56,Maria Smith,76,Male,56,Pennsylvania
170,Sandra Flores,39,Male,170,Michigan
85,Jared Murray,68,Male,85,Arkansas
243,David Lowe,77,Male,22,Oregon
266,Jonathan Allen,44,Female,139,Nebraska
229,Emma Reyes,38,Male,47,Missouri
309,Cathy Moore,46,Female,21,Kentucky
423,Anthony Sullivan,74,Male,104,Mississippi
88,Christopher Brown,26,Male,88,North Dakota
257,Jessica Torres,78,Female,100,New York
202,Jessica Lopez,73,Female,95,Maryland
329,David Hendrix,28,Male,52,South Carolina
299,Eric Thomas,60,Male,184,New Hampshire
158,Shaun Mendez,63,Male,158,Montana
483,Steven Webb,60,Female,47,Montana
188,Jason Mclean,72,Female,188,Connecticut
404,Zachary Montoya,49,Male,33,Hawaii
164,Alexander Tanner,40,Male,164,Pennsylvania
429,Jamie Butler,36,Male,42,Louisiana
324,Linda Hurley,29,Female,112,Oklahoma
401,Matthew Noble,32,Female,116,Mississippi
323,Johnny Walker,30,Female,178,Massachusetts
212,Stanley Zhang,57,Male,13,California
241,Dawn Ford,32,Male,116,New York
462,Katrina Blackwell,37,Female,62,Alabama
26,Brad Williams,47,Female,26,Oregon
393,Justin Matthews,38,Male,121,Mississippi
400,Michael Mendoza,36,Female,162,Alabama
14,Mrs. Kelly Ray,72,Male,14,Alabama
109,Samuel Young,44,Female,109,Florida
108,Jessica Lang,78,Male,108,New Hampshire
306,Janet Michael,32,Male,41,Montana
451,Eric Barrett,69,Female,49,Georgia
148,Dean Bruce,41,Male,148,Oklahoma
124,Troy Bates,74,Male,124,New Mexico
304,Mark Walker,49,Male,99,Virginia
313,Corey Neal Jr.,42,Female,170,Louisiana
355,Tracy Cox,32,Male,18,Nebraska
337,Charlene Cruz,46,Male,154,Connecticut
408,Mrs. Nicole Turner,29,Male,190,Maine
114,Aaron Williams,46,Female,114,California
154,Christina Bowen,27,Male,154,Wyoming
129,Steven Zuniga,45,Male,129,New York
186,Elizabeth Bolton,36,Male,186,Nebraska
252,Katherine Phillips,31,Female,19,Minnesota
447,Nathan Jones,57,Female,73,New Jersey
136,Troy Powell,29,Female,136,Colorado
288,Phyllis Nunez,36,Female,91,Kentucky
415,Herbert Mullen,42,Male,165,Kentucky
32,Catherine Osborn,49,Female,32,Nevada
4,Matthew Harris,34,Male,4,Michigan
226,Veronica Evans,77,Female,119,Indiana
168,Ashley Fox,51,Female,168,Florida
387,Benjamin Bryant,37,Female,80,Nevada
341,Tiffany Johnson,76,Female,124,Georgia
180,Dalton Coffey,30,Male,180,New York
376,Brittany Lopez,52,Male,176,North Dakota
320,Steven Sanchez,40,Female,184,Arizona
135,Mr. David Ross,57,Male,135,Ohio
368,Robert Davis,63,Male,120,North Carolina
443,Elizabeth Simmons,43,Female,46,Utah
345,Alexandra Casey,31,Female,16,Indiana
431,Chelsey Johnson,27,Female,113,California
135,Mr. David Ross,57,Male,135,Maryland
412,Diana Carroll,41,Female,84,Alaska
276,Rachel Peck,47,Female,6,Arizona
60,Vicki Jordan,54,Female,60,Utah
392,Mr. Brian Owens MD,77,Female,152,Kentucky
475,Justin Burnett,36,Female,146,Arizona
475,Justin Burnett,36,Female,146,West Virginia
467,Julie Wilson,38,Male,175,Alaska
377,William Goodman PhD,36,Female,160,Kentucky
46,Jacob Miller,76,Female,46,Utah
497,Jeffrey Johnson,80,Female,80,Idaho
21,Misty Lee,61,Male,21,Vermont
476,Kari Wolfe,67,Female,84,Iowa
263,Diane Koch,53,Male,53,Montana
231,Lisa Zavala,51,Female,184,North Dakota
492,Shelby Morgan,32,Male,31,Kentucky
444,Rebecca Massey,71,Female,100,Wisconsin
264,Cristian Vargas,40,Female,22,Minnesota
183,David Zamora,80,Female,183,New Hampshire
406,Patricia Wilson,37,Female,70,Alaska
395,Sarah Jones,30,Female,102,Hawaii
265,Taylor Payne,74,Female,28,Utah
214,Sean Davis MD,57,Male,6,Kentucky
432,Brian Jones,56,Male,6,Louisiana
303,Joseph Larson,40,Male,120,Louisiana
446,Jeffrey Dawson,29,Female,4,Washington
194,Jesse Perez,33,Male,194,Iowa
140,Debra Vasquez,45,Male,140,Missouri
169,Katrina Nunez,76,Female,169,North Dakota
417,Chris Garcia,61,Female,86,Maryland
398,Kathy Knight,40,Female,183,New Mexico
210,Randy Morrow,77,Male,94,Washington
484,Ricky Torres,77,Male,75,Wyoming
246,Mary Duncan,79,Female,43,Rhode Island
279,Daniel Young,46,Female,29,South Dakota
449,Mark Cardenas,56,Female,29,Texas
258,Bryan Conley,77,Female,133,New Hampshire
66,Patrick Bell,79,Female,66,Connecticut
74,Tara Wolf,48,Female,74,North Dakota
283,Antonio Collins,55,Male,31,New Hampshire
12,Erin King,68,Male,12,Wisconsin
347,Melissa Williamson,47,Female,6,Kentucky
175,Stacy Morrison,37,Male,175,New Jersey
498,Amy Oconnell,64,Male,162,Hawaii
258,Bryan Conley,77,Female,133,Missouri
190,Catherine Walters,44,Female,190,Kansas
407,Rebecca Stephens,53,Male,30,Pennsylvania
20,James Johnson,37,Male,20,New Mexico
486,Jordan Murphy,59,Male,91,New York
165,Brandy Ferguson,52,Male,165,North Dakota
415,Herbert Mullen,42,Male,165,Mississippi
411,James Simmons,78,Female,44,Oregon
427,Taylor Robertson,77,Female,189,Alaska
297,Thomas Garcia,33,Female,135,South Carolina
145,Jennifer Dickson,72,Female,145,Vermont
192,David Gibson,37,Male,192,Utah
395,Sarah Jones,30,Female,102,Oregon
372,Jacqueline Church,76,Male,11,South Carolina
223,Leonard Phillips,52,Male,121,Indiana
55,Kyle Estes,35,Female,55,Utah
399,Logan Mason,67,Female,25,Missouri
255,Stephanie Beasley,35,Female,31,Tennessee
7,Tracy Vargas,30,Male,7,New Hampshire
397,Margaret Simon,47,Female,27,Connecticut
495,Jamie Brown,57,Female,22,Washington
377,William Goodman PhD,36,Female,160,Virginia
348,Brent Cox,66,Female,66,New Jersey
363,Heidi Hawkins,32,Male,196,New Mexico
322,Angel Bradley,69,Male,19,Arizona
157,Justin Stewart,53,Male,157,Massachusetts
116,Scott Cohen,37,Female,116,Maine
219,Christine Reyes,55,Female,57,New York
382,Denise Patterson,50,Male,69,New Hampshire
410,Lori Miller,66,Male,139,Alabama
152,Gary Johnson,69,Male,152,Maryland
27,Jennifer Pennington,73,Male,27,California
188,Jason Mclean,72,Female,188,Nebraska
481,Brandon Porter,71,Female,178,Arizona
444,Rebecca Massey,71,Female,100,New Jersey
18,Jared Perkins,75,Male,18,Georgia
203,Kathryn Watson MD,40,Female,168,Maryland
122,Lacey Davenport,78,Male,122,New Mexico
364,Renee Dominguez,79,Female,83,Texas
418,David Green,65,Female,70,Mississippi
447,Nathan Jones,57,Female,73,North Dakota
42,Kimberly Lee,75,Male,42,Ohio
464,Martha Johnson,27,Female,31,Maine
67,Christian Villarreal,77,Male,67,New Mexico
118,Lori Young,28,Male,118,Delaware
279,Daniel Young,46,Female,29,Michigan
460,Amber Bowen,52,Male,191,Illinois
380,Johnathan Arnold,39,Female,77,Oklahoma
116,Scott Cohen,37,Female,116,Florida
386,Richard Alvarado,43,Female,10,Mississippi
43,Gabriel Walker,74,Female,43,Oklahoma
383,Laura Bryan,45,Male,186,Pennsylvania
98,Reginald Harris,58,Female,98,Rhode Island
489,Sara Mccarthy,77,Male,191,Colorado
114,Aaron Williams,46,Female,114,Florida
372,Jacqueline Church,76,Male,11,Kansas
467,Julie Wilson,38,Male,175,New Jersey
211,Christy Chavez,63,Male,146,California
168,Ashley Fox,51,Female,168,Arizona
165,Brandy Ferguson,52,Male,165,North Dakota
339,Timothy Duncan,60,Female,176,Pennsylvania
99,Ana Watson,70,Female,99,Idaho
202,Jessica Lopez,73,Female,95,North Carolina
499,Matthew Burch,51,Female,82,Vermont
165,Brandy Ferguson,52,Male,165,New Hampshire
5,Sarah Bradley,47,Female,5,Utah
330,Elizabeth Campbell,39,Male,165,New Mexico
491,Jessica Cox,69,Male,58,California
420,Katie Castro,74,Male,126,Pennsylvania
372,Jacqueline Church,76,Male,11,California
295,Rebecca Yates,53,Male,106,Iowa
368,Robert Davis,63,Male,120,Colorado
278,Lorraine Hopkins,73,Male,121,Connecticut
377,William Goodman PhD,36,Female,160,Alabama
153,Caroline Williams,72,Female,153,Oregon
248,Patrick Bates,78,Female,180,California
54,Terry Peck,25,Female,54,South Carolina
176,Aaron Washington,39,Female,176,Kentucky
344,Adam Elliott,40,Male,47,Florida
81,Crystal Myers,57,Male,81,Maine
213,Wayne Jones,29,Male,98,Vermont
321,Cody Webb,57,Female,198,Rhode Island
280,Madeline Meyer,71,Male,173,Utah
433,James Watson,29,Female,199,Wisconsin
47,Lisa Duncan,41,Female,47,Alabama
69,Brittany Poole,76,Female,69,Texas
388,Joanna Rollins,36,Female,20,Colorado
425,Patricia Gray DVM,74,Male,103,Nebraska
102,Deborah Riggs,65,Female,102,Mississippi
119,Mitchell Fischer,75,Female,119,New Hampshire
260,Veronica Arroyo,61,Male,178,Idaho
16,Michael Rodriguez,32,Female,16,Pennsylvania
178,Dr. Justin Figueroa,66,Female,178,North Carolina
375,Timothy Santos,63,Female,129,Oklahoma
311,Eric Nolan,48,Male,109,Oklahoma
382,Denise Patterson,50,Male,69,Montana
335,Jason Anderson,28,Male,159,Delaware
235,Brian Smith,62,Female,98,Montana
30,Carlos Thompson,29,Male,30,Oklahoma
274,Danielle Navarro,42,Male,8,Wyoming
11,Patricia Rodriguez,29,Male,11,Hawaii
100,Robert Mendoza,51,Male,100,Wisconsin
143,Heather Dunn,73,Female,143,Minnesota
367,Dana Wells,36,Male,17,New Jersey
105,Sandra Fuller,41,Male,105,Nevada
80,Michelle Thompson,56,Female,80,South Carolina
455,Joshua Martin,30,Female,105,Kansas
487,Christopher Murray,56,Female,66,Oklahoma
46,Jacob Miller,76,Female,46,Iowa
33,Gerald Norton,80,Male,33,Ohio
332,Logan Johnson,49,Female,83,South Carolina
269,Crystal Chapman,56,Female,12,Maryland
494,Mr. Juan Reynolds,30,Male,168,Ohio
158,Shaun Mendez,63,Male,158,Louisiana
62,Monique Rodriguez,35,Male,62,Connecticut
13,Antonio Camacho,70,Female,13,Alaska
122,Lacey Davenport,78,Male,122,Idaho
453,Patricia Smith,49,Male,177,Utah
256,Grace Martin,80,Male,84,Tennessee
374,John Carpenter,44,Female,40,South Carolina
318,Amanda Vargas,51,Male,156,Washington
34,Shawn Cobb,54,Female,34,Wyoming
344,Adam Elliott,40,Male,47,Minnesota
332,Logan Johnson,49,Female,83,Illinois
283,Antonio Collins,55,Male,31,New Hampshire
166,Mr. Travis Villegas PhD,41,Male,166,Idaho
357,Paul Trujillo,73,Female,69,Missouri
252,Katherine Phillips,31,Female,19,Idaho
461,David Rivera,47,Male,125,Wisconsin
273,Laurie Garcia,73,Male,125,Oregon
197,Shane Aguilar,58,Male,197,Missouri
48,Michael Simon,25,Female,48,Minnesota
357,Paul Trujillo,73,Female,69,Virginia
393,Justin Matthews,38,Male,121,Mississippi
290,Timothy Edwards,71,Female,75,Pennsylvania
83,Jeremy Lawrence,27,Male,83,Rhode Island
333,Laurie Miller,69,Female,69,Maine
144,Robert Li,67,Female,144,Illinois
90,Tyler Gomez,70,Female,90,Minnesota
434,Betty Allen,37,Female,135,South Carolina
195,Brian Adams,65,Male,195,Pennsylvania
231,Lisa Zavala,51,Female,184,Ohio
129,Steven Zuniga,45,Male,129,California
262,Justin Smith,30,Female,160,Virginia
465,Taylor Ramirez,40,Female,132,Louisiana
97,Darlene Underwood,58,Male,97,New Hampshire
298,Garrett Diaz,75,Female,179,New Jersey
16,Michael Rodriguez,32,Female,16,Alabama
156,Ann Matthews,45,Female,156,Colorado
435,Dominic Bryan,26,Male,147,Texas
353,Natalie Carpenter,50,Male,3,Kentucky
418,David Green,65,Female,70,Oklahoma
272,Kimberly Hall MD,48,Male,26,Alabama
430,Jose Garcia,60,Female,11,Rhode Island
391,Douglas Price,25,Male,121,Maine
248,Patrick Bates,78,Female,180,Wyoming
316,Maxwell Wilson,51,Male,159,New Hampshire
311,Eric Nolan,48,Male,109,Oregon
84,Jillian Perry,76,Female,84,West Virginia
496,Kristine Shaw,64,Female,133,Oregon
106,William Lowery,64,Female,106,Alabama
236,Brittany White,65,Male,11,Alabama
61,Jacob Gentry,35,Female,61,Florida
173,Christina Cochran,50,Female,173,Minnesota
471,Kimberly Morales,66,Female,197,New Mexico
140,Debra Vasquez,45,Male,140,Idaho
174,Pamela Fields,66,Male,174,Georgia
379,Christina Ayala,69,Female,114,New Mexico
204,Dr. Ryan Hopkins,53,Female,123,Florida
385,Diana Kim,71,Female,21,Michigan
227,Ashley Henderson,64,Male,76,Ohio
351,Sara Morales,66,Male,59,Pennsylvania
406,Patricia Wilson,37,Female,70,Missouri
243,David Lowe,77,Male,22,Louisiana
498,Amy Oconnell,64,Male,162,Wyoming
277,Steve Walker,75,Female,187,Colorado
256,Grace Martin,80,Male,84,Montana
158,Shaun Mendez,63,Male,158,Rhode Island
291,Valerie Rhodes,33,Female,166,Texas
138,Rhonda Simpson,74,Female,138,Michigan
204,Dr. Ryan Hopkins,53,Female,123,Connecticut
282,Rebecca Holt,42,Male,26,Louisiana
116,Scott Cohen,37,Female,116,Idaho
463,Tiffany Meyers,41,Male,198,Missouri
467,Julie Wilson,38,Male,175,Oklahoma
236,Brittany White,65,Male,11,Colorado
246,Mary Duncan,79,Female,43,New York
93,Michelle Cole,76,Female,93,Virginia
8,Cody Lester,58,Female,8,Connecticut
217,Laura Reed,71,Female,86,Delaware
68,Dawn Sosa,31,Male,68,Louisiana
425,Patricia Gray DVM,74,Male,103,Iowa
388,Joanna Rollins,36,Female,20,Pennsylvania
260,Veronica Arroyo,61,Male,178,Tennessee
250,Colleen Harrison,54,Female,71,New Mexico
454,William Thomas,77,Male,1,Maryland
403,Alexandra Weaver,28,Female,150,New Hampshire
316,Maxwell Wilson,51,Male,159,New Hampshire
138,Rhonda Simpson,74,Female,138,Idaho
381,Melinda Green,45,Female,80,Oregon
59,Jennifer Walters,71,Male,59,Arizona
358,Richard Becker,70,Female,98,West Virginia
147,Jason Wallace DDS,61,Male,147,Idaho
239,Larry Barnes,36,Male,96,New Hampshire
335,Jason Anderson,28,Male,159,Michigan
374,John Carpenter,44,Female,40,Arizona
47,Lisa Duncan,41,Female,47,Kentucky
261,Stephen Peck,56,Female,106,Vermont
123,Deborah Mayer,51,Female,123,Colorado
69,Brittany Poole,76,Female,69,Texas
185,Victor Johnson,49,Female,185,Kansas
167,Patrick Ramirez,63,Male,167,Kentucky
421,Alyssa Gibson,44,Male,58,Illinois
49,Brianna Foster,40,Male,49,Mississippi
348,Brent Cox,66,Female,66,Iowa
138,Rhonda Simpson,74,Female,138,Louisiana
365,Christopher Calderon,33,Male,95,Montana
485,Cheryl Allen,46,Male,175,Maryland
353,Natalie Carpenter,50,Male,3,Colorado
359,Dr. Nicole Martinez,71,Male,128,North Carolina
31,Erin Snyder,28,Male,31,Alabama
190,Catherine Walters,44,Female,190,Mississippi
322,Angel Bradley,69,Male,19,Wisconsin
205,Maria Pearson,35,Female,45,Georgia
121,Tonya Wilson,42,Female,121,New Hampshire
428,Alexander Evans,50,Male,170,Wyoming
242,Patrick Charles,48,Male,20,Mississippi
222,Henry Smith,65,Female,12,Colorado
384,Kevin Adams,74,Male,12,New Hampshire
289,Mark Francis,74,Male,45,Kentucky
443,Elizabeth Simmons,43,Female,46,Maryland
142,Amanda Morgan,80,Male,142,Minnesota
264,Cristian Vargas,40,Female,22,Nevada
12,Erin King,68,Male,12,Ohio
370,Maureen Sosa,44,Male,21,Indiana
128,Elizabeth Nguyen,52,Female,128,Alabama
22,Zachary Marsh,26,Female,22,South Carolina
413,Catherine Moore,59,Male,158,Iowa
193,Philip Quinn,71,Female,193,Hawaii
327,Andrew Wilson,80,Female,59,Arkansas
50,Brandon Wilkinson,62,Male,50,Iowa
198,Jessica Franklin,29,Male,198,Alabama
17,Kaitlyn Schneider,33,Male,17,Tennessee
247,Hunter Allen,61,Female,181,New Mexico
417,Chris Garcia,61,Female,86,Connecticut
91,James Perez,43,Female,91,California
159,Stephen Murray,30,Male,159,North Dakota
107,Mary Aguilar,56,Male,107,Minnesota
401,Matthew Noble,32,Female,116,Kentucky
60,Vicki Jordan,54,Female,60,New York
318,Amanda Vargas,51,Male,156,Maine
474,Kelli Stephenson,78,Male,55,Texas
199,Daniel Davis,34,Female,199,Utah
255,Stephanie Beasley,35,Female,31,Maine
437,Clifford Christensen,35,Female,12,Hawaii
253,Hannah Bennett,65,Female,136,Alaska
430,Jose Garcia,60,Female,11,South Dakota
229,Emma Reyes,38,Male,47,Minnesota
493,Andrea Serrano,49,Female,197,Hawaii
488,Claire Burns,33,Male,11,Missouri
328,Kyle Fox,52,Female,170,North Dakota
459,Brenda Lee,61,Male,64,South Carolina
51,Christopher Garner,40,Male,51,Oklahoma
381,Melinda Green,45,Female,80,Alabama
12,Erin King,68,Male,12,Kentucky
237,Lisa Gardner,48,Male,144,New Hampshire
303,Joseph Larson,40,Male,120,New Mexico
435,Dominic Bryan,26,Male,147,Pennsylvania
446,Jeffrey Dawson,29,Female,4,Oklahoma
265,Taylor Payne,74,Female,28,South Dakota
419,Laura Barnett,37,Male,61,Wisconsin
90,Tyler Gomez,70,Female,90,Kansas
2,David Miller,72,Female,2,Louisiana
131,Amy Serrano,56,Male,131,Tennessee
305,Andrea Harris,73,Male,18,Missouri
245,Elizabeth Davis,56,Male,49,Louisiana
103,Sharon Bell,72,Female,103,Tennessee
262,Justin Smith,30,Female,160,Texas
136,Troy Powell,29,Female,136,Kansas
142,Amanda Morgan,80,Male,142,New Hampshire
115,Michael Park,61,Male,115,North Carolina
458,John Hernandez,34,Male,127,Georgia
155,Patricia Evans,46,Female,155,Alabama
308,Anne Hunter,58,Male,147,Nebraska
25,Allen Velez,25,Male,25,New Hampshire
113,Jimmy Smith,67,Female,113,North Dakota
476,Kari Wolfe,67,Female,84,South Carolina
184,Ashley Allen,44,Female,184,New Hampshire
209,Maria Kelley,51,Male,3,Mississippi
173,Christina Cochran,50,Female,173,Kentucky
8,Cody Lester,58,Female,8,Delaware
209,Maria Kelley,51,Male,3,Nebraska
41,Tina Cox,38,Female,41,New Mexico
34,Shawn Cobb,54,Female,34,Arizona
96,Mariah Scott,49,Male,96,Maryland
216,Roberto Evans,34,Female,105,Arizona
118,Lori Young,28,Male,118,Iowa
25,Allen Velez,25,Male,25,Florida
448,Kristen Anderson,61,Female,4,Wisconsin
263,Diane Koch,53,Male,53,Colorado
221,Sydney Terrell,58,Female,87,California
119,Mitchell Fischer,75,Female,119,Utah
26,Brad Williams,47,Female,26,Tennessee
95,Zachary Johnson,71,Female,95,New Jersey
181,Susan Hunt,76,Male,181,Hawaii
28,Debra Cooper,68,Male,28,Mississippi
182,Monica Cohen,32,Male,182,South Dakota
5,Sarah Bradley,47,Female,5,North Dakota
109,Samuel Young,44,Female,109,Oregon
73,Christopher Campbell,47,Female,73,West Virginia
120,John Todd,78,Female,120,Arizona
19,Michael Bryant,29,Male,19,Colorado
463,Tiffany Meyers,41,Male,198,Delaware
485,Cheryl Allen,46,Male,175,Utah
222,Henry Smith,65,Female,12,Florida
293,Jacob Hernandez,57,Female,194,Wyoming
126,Juan Kennedy,25,Female,126,Tennessee
385,Diana Kim,71,Female,21,Tennessee
483,Steven Webb,60,Female,47,Louisiana
89,Michael Burnett,58,Female,89,Nebraska
14,Mrs. Kelly Ray,72,Male,14,North Dakota
267,Chris Jones,37,Female,142,Colorado
421,Alyssa Gibson,44,Male,58,Kentucky
167,Patrick Ramirez,63,Male,167,Rhode Island
44,Justin Ingram,53,Female,44,Illinois
314,Mr. James Brown,77,Female,15,North Dakota
352,Jeffrey Rivera,30,Male,101,Tennessee
79,Karen Santos,39,Male,79,Wyoming
409,Christie Farmer,37,Female,151,Rhode Island
349,Ariel Tran,46,Female,153,Washington
349,Ariel Tran,46,Female,153,Kansas
213,Wayne Jones,29,Male,98,Alabama
215,Jennifer Levy,46,Male,91,Nebraska
27,Jennifer Pennington,73,Male,27,Florida
15,William Rodriguez,47,Female,15,Washington
338,Jacqueline Bryant,44,Female,91,Oregon
215,Jennifer Levy,46,Male,91,Oregon
186,Elizabeth Bolton,36,Male,186,Montana
440,Lisa Hoffman,48,Male,156,Alabama
127,Angela Collins,78,Female,127,Washington
383,Laura Bryan,45,Male,186,Vermont
331,Brian Anderson,30,Male,91,Maine
141,Adam Hall,28,Male,141,West Virginia
199,Daniel Davis,34,Female,199,Louisiana
191,Elizabeth Blanchard,32,Female,191,Washington
478,Susan Mcdonald,31,Male,54,California
457,Anthony Anderson,47,Male,191,Tennessee
391,Douglas Price,25,Male,121,Wyoming
182,Monica Cohen,32,Male,182,West Virginia
425,Patricia Gray DVM,74,Male,103,Colorado
378,Brett Jenkins,36,Male,55,Maryland
329,David Hendrix,28,Male,52,New Mexico
297,Thomas Garcia,33,Female,135,Hawaii
480,Paul Johnson,67,Male,18,Connecticut
111,Alexis Curry,39,Male,111,Kentucky
317,Susan Thompson,65,Male,68,Louisiana
1,Lori Ford,72,Female,1,Vermont
412,Diana Carroll,41,Female,84,Washington
247,Hunter Allen,61,Female,181,Maryland
436,Nicole Wilson,73,Male,143,Idaho
366,Michael Gilmore,43,Female,142,Mississippi
301,Debra King,47,Female,44,Georgia
193,Philip Quinn,71,Female,193,New Mexico
464,Martha Johnson,27,Female,31,California
333,Laurie Miller,69,Female,69,Florida
400,Michael Mendoza,36,Female,162,Ohio
150,David Charles,36,Female,150,California
55,Kyle Estes,35,Female,55,Nevada
150,David Charles,36,Female,150,Kentucky
366,Michael Gilmore,43,Female,142,Illinois
452,Cynthia Harris,70,Female,100,Delaware
171,Robert Owens,42,Male,171,Oklahoma
315,Jeffrey Riley,48,Male,94,Kansas
207,Brian Mata,79,Female,167,Colorado
89,Michael Burnett,58,Female,89,Kentucky
91,James Perez,43,Female,91,New Hampshire
416,Anthony Woods,64,Female,87,Utah
486,Jordan Murphy,59,Male,91,Montana
191,Elizabeth Blanchard,32,Female,191,Maine
376,Brittany Lopez,52,Male,176,Wisconsin
399,Logan Mason,67,Female,25,Washington
56,Maria Smith,76,Male,56,Wisconsin
232,Cindy Durham,62,Female,174,Wyoming
310,Samantha Jimenez,45,Female,199,Nebraska
406,Patricia Wilson,37,Female,70,Wyoming
4,Matthew Harris,34,Male,4,Virginia
389,Tina Williams,76,Female,33,Ohio
29,Andrea Martinez,43,Male,29,Washington
319,Caitlin Jenkins,48,Male,103,Utah
403,Alexandra Weaver,28,Female,150,Alaska
304,Mark Walker,49,Male,99,Kentucky
57,Patricia Bradley,36,Female,57,Kansas
102,Deborah Riggs,65,Female,102,Georgia
72,Lisa Allen,48,Male,72,Illinois
420,Katie Castro,74,Male,126,Utah
473,Todd Mason,29,Male,140,Utah
170,Sandra Flores,39,Male,170,Kansas
130,Kristina Martinez,33,Female,130,Tennessee
414,Mr. Robert Gonzalez,28,Male,193,Hawaii
7,Tracy Vargas,30,Male,7,North Dakota
307,Justin Baker,57,Female,33,Florida
396,Lisa Ortiz,36,Female,147,Maryland
112,Rebecca Myers,64,Male,112,Montana
456,Jamie Hammond,26,Male,11,Oklahoma
213,Wayne Jones,29,Male,98,California
151,Joshua Le,36,Female,151,Utah
125,Deanna Rice,64,Male,125,Nebraska
495,Jamie Brown,57,Female,22,Minnesota
149,Brooke Mcintosh,72,Male,149,New York
86,Michael Thomas,43,Male,86,Arizona
185,Victor Johnson,49,Female,185,Wisconsin
118,Lori Young,28,Male,118,Michigan
345,Alexandra Casey,31,Female,16,Pennsylvania
37,Mrs. Angela Smith,25,Female,37,Hawaii
11,Patricia Rodriguez,29,Male,11,South Dakota
176,Aaron Washington,39,Female,176,New Mexico
198,Jessica Franklin,29,Male,198,Kentucky
3,Brandy White,76,Female,3,Georgia
278,Lorraine Hopkins,73,Male,121,Nevada
369,Jessica Velazquez,57,Female,164,Washington
188,Jason Mclean,72,Female,188,Oklahoma
53,David Hernandez,77,Female,53,Oklahoma
360,Steven Williams,68,Male,156,Wyoming
300,James Frank,71,Female,142,Washington
360,Steven Williams,68,Male,156,Oklahoma
38,Luke Mitchell,79,Female,38,Mississippi
389,Tina Williams,76,Female,33,Delaware
491,Jessica Cox,69,Male,58,Kansas
337,Charlene Cruz,46,Male,154,Utah
457,Anthony Anderson,47,Male,191,Nevada
35,Joshua Freeman,71,Female,35,Idaho
115,Michael Park,61,Male,115,New Hampshire
469,Jonathan Villa,54,Female,14,Louisiana
10,Edward Holmes,47,Female,10,Texas
473,Todd Mason,29,Male,140,Mississippi
218,Mr. Timothy Harding,45,Female,37,Ohio
238,Heather Henry,54,Male,170,Colorado
189,Jeffrey Perry,74,Female,189,Illinois
233,Andre Becker,40,Female,89,Oklahoma
320,Steven Sanchez,40,Female,184,Nevada
356,Louis Santiago,74,Male,89,North Dakota
445,Jennifer Richmond,68,Male,170,Florida
336,Joseph Molina,35,Male,13,Arizona
144,Robert Li,67,Female,144,South Dakota
463,Tiffany Meyers,41,Male,198,Utah
313,Corey Neal Jr.,42,Female,170,New Hampshire
88,Christopher Brown,26,Male,88,Oregon
432,Brian Jones,56,Male,6,Delaware
289,Mark Francis,74,Male,45,New Hampshire
174,Pamela Fields,66,Male,174,Maryland
98,Reginald Harris,58,Female,98,Idaho
153,Caroline Williams,72,Female,153,Wyoming
238,Heather Henry,54,Male,170,Delaware
44,Justin Ingram,53,Female,44,Texas
402,Monica Spears,42,Male,71,Florida
328,Kyle Fox,52,Female,170,Kansas
66,Patrick Bell,79,Female,66,Idaho
161,Andrea Garcia,30,Male,161,Washington
415,Herbert Mullen,42,Male,165,Illinois
346,Susan Long MD,60,Female,187,Hawaii
157,Justin Stewart,53,Male,157,Maine
417,Chris Garcia,61,Female,86,Wisconsin
159,Stephen Murray,30,Male,159,Oklahoma
175,Stacy Morrison,37,Male,175,Ohio
494,Mr. Juan Reynolds,30,Male,168,Mississippi
220,Steven Jackson,70,Female,63,California
17,Kaitlyn Schneider,33,Male,17,Oklahoma
56,Maria Smith,76,Male,56,Maryland
324,Linda Hurley,29,Female,112,Rhode Island
297,Thomas Garcia,33,Female,135,New Mexico
108,Jessica Lang,78,Male,108,Oklahoma
332,Logan Johnson,49,Female,83,Wyoming
306,Janet Michael,32,Male,41,California
71,Courtney Lee,35,Female,71,Maryland
168,Ashley Fox,51,Female,168,Utah
133,Sarah Reynolds,70,Female,133,South Dakota
206,Kelly Butler,75,Male,63,Idaho
475,Justin Burnett,36,Female,146,New Hampshire
171,Robert Owens,42,Male,171,Missouri
265,Taylor Payne,74,Female,28,Georgia
9,Tracy Morrison,37,Female,9,Massachusetts
140,Debra Vasquez,45,Male,140,Colorado
40,Crystal Walker,69,Male,40,North Dakota
479,Annette Johnson,67,Male,168,Kentucky
342,Donna Johnson,28,Male,152,Connecticut
225,Brandy Figueroa,51,Female,194,Kentucky
251,Shawn Taylor,57,Male,129,Mississippi
59,Jennifer Walters,71,Male,59,Illinois
468,John Bowers,40,Male,193,Pennsylvania
424,Dean Reed,33,Male,181,Wyoming
156,Ann Matthews,45,Female,156,Utah
459,Brenda Lee,61,Male,64,South Dakota
351,Sara Morales,66,Male,59,Colorado
287,Gabriela Knight,70,Female,74,Virginia
4,Matthew Harris,34,Male,4,Iowa
442,Patrick Solomon,33,Female,52,Iowa
156,Ann Matthews,45,Female,156,Nevada
129,Steven Zuniga,45,Male,129,Connecticut
411,James Simmons,78,Female,44,New Jersey
225,Brandy Figueroa,51,Female,194,North Dakota
307,Justin Baker,57,Female,33,Vermont
49,Brianna Foster,40,Male,49,Delaware
88,Christopher Brown,26,Male,88,Maine
163,James Larson,29,Female,163,New Hampshire
61,Jacob Gentry,35,Female,61,Alabama
179,Melissa Gonzales,33,Female,179,Minnesota
438,Jonathan Norman,40,Female,34,North Dakota
51,Christopher Garner,40,Male,51,North Dakota
62,Monique Rodriguez,35,Male,62,Idaho
45,Timothy Stone,51,Female,45,Alaska
18,Jared Perkins,75,Male,18,Delaware
71,Courtney Lee,35,Female,71,Maine
113,Jimmy Smith,67,Female,113,New Hampshire
339,Timothy Duncan,60,Female,176,Iowa
169,Katrina Nunez,76,Female,169,Utah
130,Kristina Martinez,33,Female,130,Utah
240,Laura Simmons,34,Female,194,Ohio
147,Jason Wallace DDS,61,Male,147,Kentucky
125,Deanna Rice,64,Male,125,Ohio
289,Mark Francis,74,Male,45,Washington
460,Amber Bowen,52,Male,191,Alabama
210,Randy Morrow,77,Male,94,Virginia
382,Denise Patterson,50,Male,69,Kansas
174,Pamela Fields,66,Male,174,Illinois
162,Cathy Herring,38,Female,162,Missouri
38,Luke Mitchell,79,Female,38,New Hampshire
465,Taylor Ramirez,40,Female,132,South Dakota
333,Laurie Miller,69,Female,69,Oklahoma
294,Kristen Green,38,Female,130,Iowa
212,Stanley Zhang,57,Male,13,Wyoming
0,April Gregory,80,Female,0,Vermont
92,Shelley Clark,46,Female,92,Kentucky
96,Mariah Scott,49,Male,96,Nevada
101,Kim Rodriguez,32,Male,101,Oklahoma
77,Jonathan Roy,49,Female,77,South Carolina
433,James Watson,29,Female,199,Massachusetts
443,Elizabeth Simmons,43,Female,46,Alaska
121,Tonya Wilson,42,Female,121,Oregon
254,Joseph Mcintyre,48,Female,21,Utah
380,Johnathan Arnold,39,Female,77,New Mexico
474,Kelli Stephenson,78,Male,55,Illinois
111,Alexis Curry,39,Male,111,New Jersey
33,Gerald Norton,80,Male,33,Alabama
48,Michael Simon,25,Female,48,Connecticut
35,Joshua Freeman,71,Female,35,Texas
410,Lori Miller,66,Male,139,Minnesota
414,Mr. Robert Gonzalez,28,Male,193,Illinois
226,Veronica Evans,77,Female,119,Alaska
456,Jamie Hammond,26,Male,11,New Hampshire
392,Mr. Brian Owens MD,77,Female,152,South Dakota
404,Zachary Montoya,49,Male,33,New Hampshire
214,Sean Davis MD,57,Male,6,New Hampshire
324,Linda Hurley,29,Female,112,Alabama
490,Alan Torres Jr.,63,Male,88,Georgia
35,Joshua Freeman,71,Female,35,Connecticut
268,Mr. Victor Pratt,61,Male,181,Arkansas
278,Lorraine Hopkins,73,Male,121,South Carolina
38,Luke Mitchell,79,Female,38,Michigan
323,Johnny Walker,30,Female,178,Nevada
170,Sandra Flores,39,Male,170,Mississippi
450,Heather Smith,46,Female,135,North Dakota
37,Mrs. Angela Smith,25,Female,37,Massachusetts
473,Todd Mason,29,Male,140,Connecticut
221,Sydney Terrell,58,Female,87,Maryland
284,Scott Clayton,63,Female,144,Texas
477,Vincent Lewis,79,Female,190,Wisconsin
235,Brian Smith,62,Female,98,California
104,Victoria Combs,76,Female,104,Alaska
336,Joseph Molina,35,Male,13,Kentucky
353,Natalie Carpenter,50,Male,3,South Dakota
195,Brian Adams,65,Male,195,Massachusetts
451,Eric Barrett,69,Female,49,North Carolina
24,Joseph Navarro,44,Male,24,California
280,Madeline Meyer,71,Male,173,Texas
378,Brett Jenkins,36,Male,55,Mississippi
201,Jeffrey Watkins,77,Female,26,Minnesota
458,John Hernandez,34,Male,127,Wisconsin
461,David Rivera,47,Male,125,Massachusetts
145,Jennifer Dickson,72,Female,145,Indiana
352,Jeffrey Rivera,30,Male,101,Delaware
226,Veronica Evans,77,Female,119,Pennsylvania
363,Heidi Hawkins,32,Male,196,California
220,Steven Jackson,70,Female,63,Montana
60,Vicki Jordan,54,Female,60,Massachusetts
83,Jeremy Lawrence,27,Male,83,Oregon
32,Catherine Osborn,49,Female,32,Kentucky
259,Crystal Pacheco,67,Female,95,Kentucky
428,Alexander Evans,50,Male,170,Maine
50,Brandon Wilkinson,62,Male,50,New Jersey
343,Adrian Ashley,61,Male,191,Maryland
325,Laura Reid,48,Male,120,Utah
40,Crystal Walker,69,Male,40,Oregon
181,Susan Hunt,76,Male,181,Nevada
302,Katherine Ramos,54,Male,67,New Hampshire
293,Jacob Hernandez,57,Female,194,Illinois
249,Miguel Lloyd,53,Female,167,Ohio
310,Samantha Jimenez,45,Female,199,Alabama
186,Elizabeth Bolton,36,Male,186,Wisconsin
375,Timothy Santos,63,Female,129,Arizona
384,Kevin Adams,74,Male,12,Wisconsin
367,Dana Wells,36,Male,17,Pennsylvania
361,Seth Beck,55,Male,156,Mississippi
20,James Johnson,37,Male,20,Kansas
92,Shelley Clark,46,Female,92,Hawaii
77,Jonathan Roy,49,Female,77,North Dakota
64,William Pratt,48,Male,64,Maryland
484,Ricky Torres,77,Male,75,Alabama
76,Jacob Cruz,70,Male,76,Connecticut
326,Allen Stanley,68,Male,81,Kansas
338,Jacqueline Bryant,44,Female,91,New Hampshire
343,Adrian Ashley,61,Male,191,Indiana
334,Zachary Smith,67,Female,18,Wisconsin
445,Jennifer Richmond,68,Male,170,Rhode Island
399,Logan Mason,67,Female,25,Massachusetts
429,Jamie Butler,36,Male,42,Tennessee
134,Brian Lee,61,Male,134,Hawaii
240,Laura Simmons,34,Female,194,Connecticut
119,Mitchell Fischer,75,Female,119,Alabama
257,Jessica Torres,78,Female,100,Maryland
210,Randy Morrow,77,Male,94,Washington
358,Richard Becker,70,Female,98,Florida
496,Kristine Shaw,64,Female,133,Connecticut
354,Elizabeth Scott,80,Female,26,Pennsylvania
312,Andrew Miller,37,Male,0,Idaho
292,James Davis,79,Female,176,Colorado
16,Michael Rodriguez,32,Female,16,Montana
326,Allen Stanley,68,Male,81,South Carolina
261,Stephen Peck,56,Female,106,Kansas
384,Kevin Adams,74,Male,12,Pennsylvania
419,Laura Barnett,37,Male,61,Utah
58,Holly Goodwin,36,Male,58,New York
439,Janice Hughes,68,Female,41,South Dakota
481,Brandon Porter,71,Female,178,New Jersey
284,Scott Clayton,63,Female,144,Montana
78,Martin Zimmerman,53,Male,78,Maine
150,David Charles,36,Female,150,Florida
498,Amy Oconnell,64,Male,162,New Mexico
454,William Thomas,77,Male,1,Missouri
135,Mr. David Ross,57,Male,135,Wyoming
225,Brandy Figueroa,51,Female,194,Pennsylvania
177,Brian Reed,47,Female,177,Louisiana
130,Kristina Martinez,33,Female,130,Colorado
496,Kristine Shaw,64,Female,133,Montana
495,Jamie Brown,57,Female,22,New Hampshire
283,Antonio Collins,55,Male,31,Indiana
128,Elizabeth Nguyen,52,Female,128,Pennsylvania
269,Crystal Chapman,56,Female,12,Colorado
30,Carlos Thompson,29,Male,30,Maine
113,Jimmy Smith,67,Female,113,South Carolina
141,Adam Hall,28,Male,141,Pennsylvania
462,Katrina Blackwell,37,Female,62,North Dakota
305,Andrea Harris,73,Male,18,Indiana
107,Mary Aguilar,56,Male,107,North Dakota
482,James Chang,25,Male,0,Nevada
72,Lisa Allen,48,Male,72,Ohio
144,Robert Li,67,Female,144,Iowa
346,Susan Long MD,60,Female,187,Wisconsin
492,Shelby Morgan,32,Male,31,Idaho
479,Annette Johnson,67,Male,168,Utah
180,Dalton Coffey,30,Male,180,North Dakota
286,William Holland,47,Male,72,South Carolina
200,Jennifer Wright,48,Male,149,South Dakota
37,Mrs. Angela Smith,25,Female,37,Wyoming
404,Zachary Montoya,49,Male,33,New Mexico
266,Jonathan Allen,44,Female,139,New Mexico
480,Paul Johnson,67,Male,18,West Virginia
499,Matthew Burch,51,Female,82,Nebraska
219,Christine Reyes,55,Female,57,Massachusetts
369,Jessica Velazquez,57,Female,164,Delaware
133,Sarah Reynolds,70,Female,133,Kansas
380,Johnathan Arnold,39,Female,77,Mississippi
499,Matthew Burch,51,Female,82,Louisiana
394,Jose Miller,37,Male,95,North Dakota
100,Robert Mendoza,51,Male,100,New Jersey
253,Hannah Bennett,65,Female,136,Nebraska
131,Amy Serrano,56,Male,131,North Dakota
493,Andrea Serrano,49,Female,197,Alabama
371,Anita Vazquez,31,Female,70,Pennsylvania
53,David Hernandez,77,Female,53,Pennsylvania
