id,nombre,rut,edad,genero,fecha_inicio
762,Devin Murray,10709412-K,67,Male,14/01/2003
160,Jeanette Rogers,17029264-0,39,Male,20/09/2007
926,Shaun Morgan,16051853-K,63,Female,02/09/2016
665,Andrew Murray,8306761-K,26,Female,22/11/2002
646,Sarah Gardner,18788917-K,55,Female,11/09/2015
551,Charles Berg,18007773-0,43,Male,22/09/2022
529,Michael Peterson,15557692-0,58,Female,20/10/2000
144,Robert Li,14616135-K,32,Male,11/03/2003
119,Mitchell Fischer,16664034-K,33,Male,15/01/2001
689,John Archer,15186908-0,80,Male,04/07/2010
804,Erin Johnson,11755983-K,40,Male,05/11/2016
40,Crystal Walker,13410114-0,39,Female,18/12/2011
412,Diana Carroll,9069690-0,52,Male,25/01/2020
223,Leonard Phillips,19120743-0,59,Male,16/03/2015
535,Kevin Nguyen,11455213-K,72,Male,28/12/2012
385,Diana Kim,6864442-K,60,Male,06/09/2003
882,Angela Horton,18587435-K,51,Male,17/01/2016
338,Jacqueline Bryant,17461920-K,76,Male,11/11/2018
693,Nicole Gay,14293018-0,75,Female,29/08/2004
307,Justin Baker,9073843-K,28,Male,27/06/2017
617,Jessica Walker,15487599-0,50,Male,25/08/2021
774,Courtney Shannon,9884844-0,54,Male,16/02/2008
39,Crystal Hoffman,11125464-0,78,Male,04/07/2006
729,Mrs. Jean Thomas,13584383-0,39,Female,09/10/2013
125,Deanna Rice,10852565-K,51,Female,19/05/2007
271,Janet Romero,6157183-0,47,Male,01/10/2022
722,Terry Cherry,18369352-0,28,Female,19/04/2017
858,Ian Rosario,12976883-K,44,Female,06/11/2011
91,James Perez,15563291-K,68,Male,03/10/2010
80,Michelle Thompson,5329005-0,36,Female,18/05/2006
751,Elizabeth Cline,9932964-K,50,Female,29/08/2015
342,Donna Johnson,7024359-0,59,Male,10/03/2005
617,Jessica Walker,15487599-0,50,Male,25/08/2021
141,Adam Hall,20819426-K,71,Female,05/03/2001
183,David Zamora,10394898-0,49,Female,08/03/2011
602,Alexis Cooper,5288385-K,68,Female,04/07/2015
270,Dennis Hahn,11534872-0,64,Male,02/05/2020
201,Jeffrey Watkins,19898349-0,37,Male,07/12/2004
93,Michelle Cole,13946446-0,46,Female,08/12/2013
799,Connor Combs,8336720-0,67,Male,05/02/2008
603,Allison Combs,9658762-K,49,Male,16/03/2008
925,Joshua Nelson,19981844-K,65,Female,05/12/2003
778,Douglas Smith,6321996-K,71,Male,21/05/2013
238,Heather Henry,20530866-0,56,Female,10/07/2003
568,Tanya Singh,15748261-K,36,Female,21/09/2005
654,Lindsey Garcia,13565121-K,25,Female,24/09/2006
105,Sandra Fuller,5520698-0,73,Male,03/03/2001
477,Vincent Lewis,19738685-K,36,Female,10/09/2010
81,Crystal Myers,8724045-K,59,Male,08/02/2010
71,Courtney Lee,17799588-K,68,Male,15/01/2020
98,Reginald Harris,7781452-K,41,Female,05/05/2005
200,Jennifer Wright,8138255-0,41,Male,22/07/2004
524,Joseph Lee,18697634-0,70,Female,08/08/2012
400,Michael Mendoza,13396474-0,26,Male,02/08/2002
80,Michelle Thompson,5329005-0,36,Female,18/05/2006
88,Christopher Brown,8410379-K,79,Male,13/11/2011
630,Melissa Lee,16681730-K,36,Female,05/01/2009
79,Karen Santos,9309986-0,46,Female,19/05/2004
207,Brian Mata,5305399-K,55,Female,10/02/2008
186,Elizabeth Bolton,7260265-K,43,Male,20/11/2012
573,Shannon Nelson,11699475-0,47,Female,06/01/2002
700,Troy Proctor,5385558-0,74,Female,16/06/2015
152,Gary Johnson,16698844-0,50,Male,23/02/2018
963,Kylie Allen,11090836-K,66,Female,15/07/2001
619,Peter Cardenas,5781686-K,46,Female,02/03/2009
874,Kyle Griffin,8061103-K,46,Male,16/05/2008
339,Timothy Duncan,16004271-0,31,Female,23/05/2011
61,Jacob Gentry,19764786-0,32,Male,10/04/2020
952,Alan Kerr,9986712-K,32,Male,03/01/2011
616,Gabriella Delgado,12338739-K,80,Male,28/09/2001
915,Heidi Johnson,5933832-K,27,Female,08/01/2010
359,Dr. Nicole Martinez,8706494-K,29,Female,16/04/2015
803,Carla Gill,8734953-0,54,Female,04/10/2011
114,Aaron Williams,5061018-K,38,Male,07/06/2016
232,Cindy Durham,12564796-K,27,Female,06/11/2009
882,Angela Horton,18587435-K,51,Male,17/01/2016
663,Joel Castillo,5874472-K,36,Male,27/04/2019
242,Patrick Charles,7139317-0,25,Female,25/09/2009
371,Anita Vazquez,20891729-K,68,Female,03/04/2020
884,Gabriel Lane,14701250-K,54,Female,07/01/2020
738,Henry Miller,15368875-0,25,Male,27/04/2002
613,Frank Obrien,7722595-0,77,Female,09/12/2002
798,Douglas Brown,13794813-K,57,Female,04/11/2003
843,Steven Petersen,19429249-0,28,Male,09/09/2011
164,Alexander Tanner,15439065-K,31,Female,21/06/2009
340,Eric Nelson,9922153-K,60,Male,05/12/2001
943,Michelle Miller,18073615-K,27,Male,09/09/2007
101,Kim Rodriguez,17681493-K,25,Female,05/05/2018
554,Joe Williams,12061683-0,46,Female,28/08/2002
393,Justin Matthews,14045597-0,77,Male,11/08/2009
857,Anthony Wood,14227211-0,41,Female,17/12/2001
233,Andre Becker,6854813-K,70,Male,30/07/2019
677,Pamela Hughes,7877836-0,71,Female,19/08/2008
30,Carlos Thompson,20290669-K,53,Male,03/07/2007
760,Anita Summers,7005408-0,28,Male,19/09/2008
893,Jessica Escobar,9169690-0,72,Male,31/10/2011
984,Lisa Silva,6690297-K,25,Male,08/11/2001
593,Andrew Miller,15944585-K,75,Male,06/05/2001
725,Kiara Roman,10023766-K,44,Male,14/06/2021
258,Bryan Conley,18515974-K,61,Female,28/06/2004
541,Daniel Frazier,17449727-K,58,Female,21/12/2017
649,James Lee,5253876-0,70,Male,21/11/2000
653,Deborah Parsons,11225967-0,60,Male,05/06/2022
75,Andrew Avila,19952799-K,32,Male,15/08/2016
379,Christina Ayala,16486259-0,34,Female,27/05/2007
560,Holly Robinson MD,10261648-0,41,Male,20/04/2014
582,Curtis Shepard,5251708-K,76,Female,26/10/2004
472,Kimberly Pierce MD,19509856-0,67,Male,29/03/2004
458,John Hernandez,15703870-0,55,Male,05/02/2017
14,Mrs. Kelly Ray,6420919-0,25,Male,09/05/2014
447,Nathan Jones,6711974-0,28,Male,14/06/2007
948,Amanda Chavez,8344645-0,47,Female,18/04/2016
514,Bryan Stewart,18888657-0,76,Female,21/01/2017
854,Lauren Sullivan,17216645-K,64,Male,02/07/2013
159,Stephen Murray,10163443-0,26,Female,31/05/2006
726,Brandon Obrien,18137416-K,62,Male,24/04/2009
463,Tiffany Meyers,20992757-K,45,Male,28/12/2018
319,Caitlin Jenkins,8045864-K,32,Female,24/11/2009
349,Ariel Tran,15461254-0,25,Female,24/09/2008
601,Robert Fisher,20524452-0,68,Female,18/03/2004
96,Mariah Scott,18819523-K,26,Male,04/09/2013
889,Jessica Middleton,15759521-0,55,Male,20/10/2001
11,Patricia Rodriguez,20799033-0,41,Female,07/09/2018
718,Juan Logan,11791764-0,45,Female,19/10/2022
447,Nathan Jones,6711974-0,28,Male,14/06/2007
257,Jessica Torres,9222702-0,71,Female,13/10/2004
44,Justin Ingram,9186153-0,60,Male,24/07/2015
391,Douglas Price,17644992-0,53,Female,03/05/2001
246,Mary Duncan,11240526-0,61,Female,26/11/2010
815,Rebecca Soto,14461586-K,44,Female,03/02/2006
704,Christopher Kelly,10915393-K,30,Female,23/03/2008
678,Cindy Fisher,7358119-0,52,Female,15/03/2018
574,Kelsey Benjamin,20756614-0,48,Male,18/11/2015
376,Brittany Lopez,19191681-0,63,Male,22/09/2003
739,Sara Bartlett,14033401-0,64,Female,18/10/2001
473,Todd Mason,10948195-K,44,Male,17/10/2005
387,Benjamin Bryant,8795444-K,58,Male,25/02/2013
304,Mark Walker,15023994-K,27,Female,28/12/2011
106,William Lowery,20030318-K,52,Male,02/12/2014
615,Fernando Hernandez,17257400-K,27,Male,23/11/2001
476,Kari Wolfe,15336542-0,65,Female,13/08/2001
265,Taylor Payne,7931190-K,36,Female,20/04/2017
790,Hector Gomez,8897892-K,35,Female,29/12/2014
470,Jacob Richard,14697276-K,39,Male,13/09/2011
698,Diana Carey,18609500-0,45,Male,16/10/2005
316,Maxwell Wilson,16359172-K,26,Male,21/11/2021
333,Laurie Miller,9762539-0,50,Female,04/08/2009
528,Michael Gill,5447603-0,61,Female,20/05/2018
956,Christina Cunningham,18619370-0,46,Female,02/01/2008
645,Darren Zamora,10887729-K,54,Female,21/12/2002
260,Veronica Arroyo,14681878-0,55,Male,03/01/2014
672,Cassandra Contreras,10453192-0,50,Male,30/04/2012
519,Catherine Williams,10409666-K,74,Female,10/05/2015
180,Dalton Coffey,14450192-0,28,Female,13/08/2014
722,Terry Cherry,18369352-0,28,Female,19/04/2017
136,Troy Powell,6893171-0,36,Female,16/12/2003
32,Catherine Osborn,9748485-0,64,Female,29/12/2006
660,David Sharp,11920693-K,59,Female,19/04/2013
702,Carl Davis,12366565-K,48,Female,28/06/2016
39,Crystal Hoffman,11125464-0,78,Male,04/07/2006
545,Randy Herrera,9413059-0,58,Female,25/02/2009
379,Christina Ayala,16486259-0,34,Female,27/05/2007
467,Julie Wilson,9562839-0,31,Female,31/10/2022
865,Ashley Wilson,12154323-0,61,Female,14/07/2012
168,Ashley Fox,15560420-0,68,Male,15/03/2017
888,Sarah Hickman,11022596-K,53,Male,19/11/2001
774,Courtney Shannon,9884844-0,54,Male,16/02/2008
217,Laura Reed,18894141-0,54,Female,24/02/2012
543,Mitchell Peterson,13881147-K,41,Male,09/09/2014
426,Nathan Powell,14759333-0,54,Male,12/08/2000
623,Andrew Gallagher,19801492-K,53,Male,09/12/2022
368,Robert Davis,19717224-0,64,Female,29/05/2013
712,Tracy Robles,9683105-K,59,Male,01/12/2002
188,Jason Mclean,9207429-K,73,Female,20/07/2018
208,James Orozco,14852307-K,42,Male,31/01/2022
642,Mr. Gabriel Jones MD,7866413-0,78,Female,06/06/2005
134,Brian Lee,13732262-0,40,Male,23/08/2000
269,Crystal Chapman,17220749-0,42,Female,01/03/2009
586,Scott Randolph,16377919-K,27,Male,10/03/2008
768,Robert Johnson,12543410-0,51,Female,08/01/2022
102,Deborah Riggs,15742238-K,46,Female,08/12/2009
50,Brandon Wilkinson,8014932-0,71,Male,14/07/2013
633,James Baker,18405361-0,56,Male,18/04/2005
105,Sandra Fuller,5520698-0,73,Male,03/03/2001
158,Shaun Mendez,11205823-0,61,Female,20/12/2017
768,Robert Johnson,12543410-0,51,Female,08/01/2022
111,Alexis Curry,12015034-K,68,Female,12/04/2013
993,Jay Cohen,17641725-K,69,Female,25/03/2007
390,Rebecca Martinez DVM,7359814-0,80,Female,13/02/2017
56,Maria Smith,5009338-K,75,Female,14/07/2020
115,Michael Park,9785970-0,74,Female,16/08/2009
796,Charles Brown,9827576-K,36,Male,27/07/2017
931,Rebecca Foster,7453417-K,79,Male,13/10/2006
804,Erin Johnson,11755983-K,40,Male,05/11/2016
862,Angela Peters,10089326-K,71,Female,22/01/2017
435,Dominic Bryan,10659444-0,76,Female,29/03/2016
850,Wendy Ramos,6601975-K,40,Male,26/09/2011
837,Ashley Hunter,12318676-0,66,Female,13/01/2017
720,Virginia Brooks,14879761-K,53,Male,02/07/2006
504,Caitlin Harris,15437358-0,63,Female,28/10/2015
415,Herbert Mullen,19775867-K,30,Male,22/04/2007
439,Janice Hughes,15739248-0,80,Male,07/04/2000
199,Daniel Davis,15136501-0,69,Female,14/06/2019
404,Zachary Montoya,13257238-0,38,Female,06/10/2000
120,John Todd,9873541-0,43,Female,05/10/2005
736,Jeremiah Galvan,8157496-K,46,Male,17/07/2006
724,Thomas Long,18549656-K,63,Female,11/08/2004
567,Craig Parker,15275663-0,25,Female,23/03/2006
557,Jesse Mullen,13306250-K,77,Female,11/08/2017
717,Elaine Coleman,17003542-0,48,Female,21/10/2017
250,Colleen Harrison,13043596-0,35,Male,21/02/2004
84,Jillian Perry,6985657-K,53,Male,10/09/2018
499,Matthew Burch,18688690-0,36,Female,22/04/2003
532,Thomas Rose,18372611-K,80,Female,14/12/2009
883,Lindsay Allen,6583070-K,78,Male,14/11/2003
458,John Hernandez,15703870-0,55,Male,05/02/2017
629,Sandra Osborne,17185444-0,37,Male,10/04/2017
182,Monica Cohen,7372391-K,44,Male,15/12/2017
674,Laurie Roy,12395391-K,67,Male,06/11/2015
451,Eric Barrett,7685564-K,75,Male,17/12/2005
279,Daniel Young,5076140-K,52,Female,11/10/2001
603,Allison Combs,9658762-K,49,Male,16/03/2008
385,Diana Kim,6864442-K,60,Male,06/09/2003
977,Brandon Underwood,6627364-0,58,Male,21/04/2016
195,Brian Adams,13700973-0,60,Female,07/07/2007
402,Monica Spears,10903842-0,31,Male,18/12/2022
618,Ann Roberts,17146372-0,73,Male,25/07/2016
588,Katie Smith,12136653-K,42,Male,08/12/2006
296,Heather Contreras,12609221-0,30,Male,21/06/2014
252,Katherine Phillips,14739622-0,65,Female,13/12/2010
94,Amy Morrison,11975346-K,31,Male,19/02/2015
475,Justin Burnett,10222006-0,37,Male,18/12/2020
496,Kristine Shaw,14417050-K,35,Male,01/11/2019
673,Joshua Christian,15842717-K,57,Female,14/02/2009
717,Elaine Coleman,17003542-0,48,Female,21/10/2017
876,Dr. Omar Warren MD,10983906-K,77,Male,24/06/2005
189,Jeffrey Perry,6043528-K,59,Male,09/03/2014
87,Jessica Martinez PhD,11478055-0,49,Female,17/09/2020
22,Zachary Marsh,20362498-K,32,Male,04/02/2010
910,Cassie Fischer,11421458-K,28,Female,16/01/2019
462,Katrina Blackwell,13937021-0,29,Male,21/12/2000
982,John Eaton,9033973-0,57,Male,01/09/2006
545,Randy Herrera,9413059-0,58,Female,25/02/2009
529,Michael Peterson,15557692-0,58,Female,20/10/2000
507,Stephanie Cox MD,17172657-K,57,Female,11/07/2003
214,Sean Davis MD,17216834-0,34,Male,11/03/2014
56,Maria Smith,5009338-K,75,Female,14/07/2020
292,James Davis,8070884-K,72,Male,09/09/2010
131,Amy Serrano,8216181-K,72,Male,03/05/2020
201,Jeffrey Watkins,19898349-0,37,Male,07/12/2004
435,Dominic Bryan,10659444-0,76,Female,29/03/2016
208,James Orozco,14852307-K,42,Male,31/01/2022
749,Angela Harris,7855942-K,44,Female,28/01/2006
156,Ann Matthews,20292300-0,75,Female,10/12/2009
101,Kim Rodriguez,17681493-K,25,Female,05/05/2018
326,Allen Stanley,18764856-0,46,Male,31/03/2010
824,Shannon Parks,18284050-0,57,Male,21/12/2008
347,Melissa Williamson,17613901-0,38,Male,23/03/2021
597,Wendy Nichols,7335270-K,56,Male,05/11/2014
517,Eric Ayers,7560691-0,69,Female,02/03/2015
640,John Rodriguez,11618962-0,53,Female,25/02/2011
792,Sherry Murphy,5620016-K,38,Female,20/08/2001
599,Karen Fuentes,10929688-0,78,Female,01/09/2010
713,Julia Marks,12505681-K,53,Female,08/02/2018
194,Jesse Perez,19195594-K,73,Male,06/04/2007
980,Suzanne Armstrong,11602240-K,29,Male,10/08/2003
367,Dana Wells,14510373-0,65,Female,29/07/2002
642,Mr. Gabriel Jones MD,7866413-0,78,Female,06/06/2005
672,Cassandra Contreras,10453192-0,50,Male,30/04/2012
796,Charles Brown,9827576-K,36,Male,27/07/2017
513,Laura Mitchell,14888448-K,47,Female,19/08/2022
160,Jeanette Rogers,17029264-0,39,Male,20/09/2007
787,Angela Sellers,15530149-K,67,Male,03/02/2019
974,Matthew Richardson,12183183-K,69,Female,04/06/2001
265,Taylor Payne,7931190-K,36,Female,20/04/2017
315,Jeffrey Riley,9238646-K,44,Male,12/12/2006
661,Craig Sullivan,11929189-K,67,Male,16/04/2001
431,Chelsey Johnson,7545876-K,27,Female,29/03/2019
397,Margaret Simon,6067492-0,53,Female,24/10/2011
171,Robert Owens,17306692-K,50,Male,06/06/2004
335,Jason Anderson,14124490-K,72,Female,20/01/2022
508,Micheal Obrien,9317970-0,79,Male,30/05/2021
286,William Holland,9718394-K,35,Female,13/10/2000
811,Christy Brown,9020310-0,50,Female,14/12/2007
266,Jonathan Allen,11067151-0,30,Female,15/05/2008
724,Thomas Long,18549656-K,63,Female,11/08/2004
97,Darlene Underwood,16729368-K,72,Female,06/11/2000
493,Andrea Serrano,16615210-0,75,Female,17/02/2003
843,Steven Petersen,19429249-0,28,Male,09/09/2011
528,Michael Gill,5447603-0,61,Female,20/05/2018
713,Julia Marks,12505681-K,53,Female,08/02/2018
110,Thomas Pearson,6170323-0,66,Male,12/10/2008
78,Martin Zimmerman,17875488-K,49,Female,08/04/2013
124,Troy Bates,10069220-0,39,Female,17/01/2013
128,Elizabeth Nguyen,13582188-K,65,Male,20/10/2022
940,Latoya Booth,14775803-0,45,Female,23/12/2012
550,Gregory Dickson,15463110-0,37,Female,07/07/2006
309,Cathy Moore,14977852-K,80,Female,01/08/2014
861,James Gilmore,12433940-0,65,Male,06/05/2001
138,Rhonda Simpson,5475675-0,79,Male,05/10/2019
122,Lacey Davenport,6677335-0,60,Male,09/08/2002
490,Alan Torres Jr.,18725236-K,43,Male,23/05/2011
159,Stephen Murray,10163443-0,26,Female,31/05/2006
143,Heather Dunn,15787314-K,27,Male,04/02/2005
16,Michael Rodriguez,7472957-K,64,Female,06/10/2003
618,Ann Roberts,17146372-0,73,Male,25/07/2016
134,Brian Lee,13732262-0,40,Male,23/08/2000
23,Matthew Evans,17906172-K,39,Female,10/02/2003
976,Susan Rowe,9472076-0,67,Male,19/03/2011
454,William Thomas,19141378-K,58,Male,02/07/2006
609,Jennifer Diaz,15620894-K,63,Male,06/05/2011
295,Rebecca Yates,10992371-K,62,Male,02/03/2005
992,Rhonda Baker,19538173-K,52,Female,22/10/2022
193,Philip Quinn,17465059-0,59,Male,12/03/2012
771,Samantha Lester,5546185-K,51,Male,07/08/2014
848,Diamond Newton,18005111-K,42,Female,25/06/2018
228,Charles Bryant,14766819-0,54,Male,18/01/2010
305,Andrea Harris,10534877-K,42,Female,13/08/2021
965,Thomas Turner,7053406-K,60,Female,18/06/2018
103,Sharon Bell,11320024-0,78,Female,06/03/2009
644,Troy Wiley,11855791-0,44,Male,20/03/2000
566,Cynthia Miller,8114727-0,75,Female,18/11/2015
381,Melinda Green,5443759-K,30,Male,10/02/2019
221,Sydney Terrell,17957255-K,70,Female,27/12/2007
697,Katelyn Woods,7830895-0,49,Female,13/09/2009
197,Shane Aguilar,9716251-K,43,Female,04/09/2011
733,Anthony Salazar,19657129-0,39,Female,05/09/2016
596,Mrs. Brandi Padilla,10491449-0,66,Female,05/01/2004
962,Sarah House,16712435-K,50,Male,30/12/2018
643,Reginald Robertson,14072708-K,76,Female,13/10/2017
794,Ashley Mclean,8492538-K,64,Male,05/10/2022
130,Kristina Martinez,6528430-0,58,Male,17/07/2013
142,Amanda Morgan,9841771-K,65,Female,21/07/2013
759,Laura Sanders,19105893-0,64,Male,19/07/2000
531,Matthew Wallace,8955208-K,39,Female,29/06/2019
905,Grace Fletcher,20728056-K,42,Female,28/05/2002
116,Scott Cohen,7486755-K,72,Male,27/06/2018
635,Melissa Roberts,12682128-K,42,Male,10/08/2001
714,Steven Ramirez,11240960-0,38,Female,11/08/2010
708,Robert Richardson,11870422-K,75,Male,06/01/2014
474,Kelli Stephenson,6904320-K,48,Female,13/02/2022
85,Jared Murray,11808350-K,47,Female,13/05/2001
659,David Wilcox,18214359-K,56,Male,19/03/2001
971,Brandon Robinson,10938460-0,38,Male,16/06/2003
231,Lisa Zavala,11123024-0,34,Male,25/06/2012
492,Shelby Morgan,13676253-K,74,Male,22/03/2005
217,Laura Reed,18894141-0,54,Female,24/02/2012
688,Tracy Allen,7045609-0,37,Male,20/09/2010
26,Brad Williams,17993872-0,37,Female,05/03/2016
386,Richard Alvarado,14957203-0,55,Male,09/12/2017
874,Kyle Griffin,8061103-K,46,Male,16/05/2008
155,Patricia Evans,7416964-0,58,Male,25/11/2004
522,Jesse Smith,15062917-K,80,Male,16/11/2014
30,Carlos Thompson,20290669-K,53,Male,03/07/2007
374,John Carpenter,13895119-K,80,Female,22/08/2020
970,Deborah Choi,18438017-K,56,Male,25/01/2001
89,Michael Burnett,14500456-0,54,Male,12/05/2011
674,Laurie Roy,12395391-K,67,Male,06/11/2015
109,Samuel Young,17865731-0,56,Male,06/06/2013
531,Matthew Wallace,8955208-K,39,Female,29/06/2019
181,Susan Hunt,17851588-K,37,Male,18/08/2002
231,Lisa Zavala,11123024-0,34,Male,25/06/2012
365,Christopher Calderon,14866322-K,25,Female,09/10/2017
598,William Taylor,7026005-K,45,Female,04/07/2008
358,Richard Becker,17893973-K,50,Female,28/06/2008
398,Kathy Knight,13285047-0,27,Female,26/05/2022
450,Heather Smith,9769315-0,51,Male,05/06/2002
343,Adrian Ashley,20084679-K,36,Female,02/09/2019
918,Susan Wilson,12675080-K,59,Female,05/01/2005
758,Eric Le,13805602-K,44,Female,29/07/2022
779,Christopher Robinson,5652030-0,37,Female,11/11/2008
240,Laura Simmons,13071653-K,46,Male,07/04/2001
74,Tara Wolf,17907999-K,61,Male,26/11/2010
266,Jonathan Allen,11067151-0,30,Female,15/05/2008
620,Cynthia Spence,6652887-0,32,Male,21/06/2009
652,Donna Holder,20161058-K,40,Male,22/09/2001
289,Mark Francis,11241252-0,46,Female,25/06/2015
889,Jessica Middleton,15759521-0,55,Male,20/10/2001
431,Chelsey Johnson,7545876-K,27,Female,29/03/2019
306,Janet Michael,8385235-0,31,Female,19/09/2003
880,Lori Morris,11080845-0,39,Female,19/01/2001
595,Dr. Claire Lopez,20282425-K,26,Female,27/04/2005
633,James Baker,18405361-0,56,Male,18/04/2005
590,Samuel Thompson,12747158-0,50,Male,14/08/2019
695,Ashley Jordan,6630227-0,80,Male,29/05/2003
817,Rachel Cummings,9682136-K,57,Female,18/09/2015
171,Robert Owens,17306692-K,50,Male,06/06/2004
174,Pamela Fields,18046237-K,27,Male,07/12/2009
332,Logan Johnson,18245848-0,41,Male,13/02/2012
570,Samantha Perez,18691569-0,51,Male,29/05/2001
808,Steven Anderson,19900893-K,34,Female,09/07/2018
885,April Dunn,14287833-K,30,Male,27/04/2018
411,James Simmons,19018693-K,72,Female,07/09/2004
697,Katelyn Woods,7830895-0,49,Female,13/09/2009
875,Cynthia Potter,13587706-K,72,Male,22/12/2019
791,Kathryn Stanton,19014184-K,62,Male,20/02/2014
191,Elizabeth Blanchard,14985994-0,47,Female,31/12/2010
957,Anthony Gonzales,9023820-0,28,Female,07/03/2007
760,Anita Summers,7005408-0,28,Male,19/09/2008
100,Robert Mendoza,6326873-0,73,Male,04/01/2012
157,Justin Stewart,16747260-0,64,Female,27/03/2000
632,Rhonda Martin,14580827-K,52,Male,18/07/2011
972,Daniel Francis,14568608-0,47,Female,15/02/2015
14,Mrs. Kelly Ray,6420919-0,25,Male,09/05/2014
807,Raymond Conley,10948513-K,42,Female,27/12/2003
600,Thomas Mcknight,15197412-K,69,Female,26/06/2006
154,Christina Bowen,7736451-0,58,Male,15/12/2003
350,Alec Clark,16036563-0,57,Female,15/05/2006
519,Catherine Williams,10409666-K,74,Female,10/05/2015
117,Larry Holmes,7302828-K,33,Male,13/02/2008
539,Carrie Price,9797828-K,34,Male,18/01/2013
85,Jared Murray,11808350-K,47,Female,13/05/2001
759,Laura Sanders,19105893-0,64,Male,19/07/2000
805,Maria Williams,8124682-K,33,Female,05/04/2014
493,Andrea Serrano,16615210-0,75,Female,17/02/2003
227,Ashley Henderson,17414605-0,69,Male,09/02/2005
107,Mary Aguilar,5484836-0,26,Female,17/10/2011
338,Jacqueline Bryant,17461920-K,76,Male,11/11/2018
225,Brandy Figueroa,9592654-0,56,Female,20/06/2018
651,Bryan Doyle,13082121-0,65,Male,14/02/2013
631,Erin Mills,15885250-0,38,Female,22/05/2016
405,Brianna Baker,5083956-K,44,Male,04/02/2011
457,Anthony Anderson,8835275-K,63,Male,27/10/2000
373,Linda Hernandez,12885481-K,28,Female,26/02/2013
728,Victor Cunningham,14320981-0,60,Female,27/03/2002
833,James Walters,11023447-0,73,Female,26/05/2022
436,Nicole Wilson,9095383-0,45,Female,19/07/2022
662,Christopher Moore,18034963-K,64,Male,29/07/2021
846,Zachary Kemp,9120068-0,63,Male,27/05/2020
903,Alex Hunt,8020015-0,63,Male,06/02/2004
541,Daniel Frazier,17449727-K,58,Female,21/12/2017
434,Betty Allen,13757089-K,53,Female,13/10/2011
961,Brian Velasquez,12488949-K,46,Female,08/04/2022
537,Jasmine Gibson,19508587-0,73,Female,25/02/2021
502,Greg Romero,6168645-K,47,Female,10/08/2017
734,Jose Herrera,18278529-0,63,Female,02/09/2022
890,Brittany Carter,13272521-0,72,Female,05/11/2020
927,Christine Fletcher,11379020-K,40,Female,27/06/2004
432,Brian Jones,10955225-K,44,Male,13/10/2019
922,Natalie White,20047694-K,61,Male,23/06/2022
416,Anthony Woods,14279660-0,73,Female,23/07/2004
427,Taylor Robertson,8638512-0,67,Female,28/05/2011
830,Blake Montgomery,14330290-K,80,Female,24/02/2018
750,Amanda Torres,11155216-K,75,Male,15/11/2000
284,Scott Clayton,6715981-0,55,Male,25/01/2011
54,Terry Peck,9027478-K,44,Male,20/01/2020
950,George Randall,15380487-K,62,Female,23/09/2016
757,Debra Palmer,6280764-0,61,Male,02/12/2022
664,Stephen Smith,5599766-K,47,Male,02/01/2017
533,Chad Davis,12949775-K,30,Male,06/06/2006
323,Johnny Walker,10278137-0,45,Male,11/09/2005
840,Tracey Rice,8285916-0,52,Female,20/03/2004
279,Daniel Young,5076140-K,52,Female,11/10/2001
162,Cathy Herring,16295659-0,46,Female,10/02/2017
323,Johnny Walker,10278137-0,45,Male,11/09/2005
86,Michael Thomas,5040736-0,30,Female,11/07/2001
777,Eric Barnes,5765110-K,28,Male,05/10/2016
785,Daniel Lindsey,6777677-0,71,Male,02/06/2009
945,David Turner,17635818-K,80,Male,24/03/2015
548,Courtney Baker,14686433-0,60,Female,30/08/2008
210,Randy Morrow,18835334-K,35,Female,11/03/2018
3,Brandy White,12544272-0,25,Male,15/01/2011
736,Jeremiah Galvan,8157496-K,46,Male,17/07/2006
358,Richard Becker,17893973-K,50,Female,28/06/2008
649,James Lee,5253876-0,70,Male,21/11/2000
342,Donna Johnson,7024359-0,59,Male,10/03/2005
728,Victor Cunningham,14320981-0,60,Female,27/03/2002
549,Terry Scott,14075421-K,45,Female,29/03/2005
137,Jennifer Herman,9095218-0,65,Male,31/07/2009
850,Wendy Ramos,6601975-K,40,Male,26/09/2011
149,Brooke Mcintosh,12771525-0,42,Female,12/10/2006
881,Jessica Kelly,20752645-0,43,Female,25/07/2015
838,Kristina Bullock,6791295-0,31,Female,24/06/2018
157,Justin Stewart,16747260-0,64,Female,27/03/2000
659,David Wilcox,18214359-K,56,Male,19/03/2001
658,Matthew Rodriguez,12182143-K,56,Female,04/01/2014
327,Andrew Wilson,8983311-0,31,Male,23/01/2006
483,Steven Webb,13594430-K,39,Female,06/09/2002
362,Paula Wright,12229669-K,30,Female,16/03/2020
740,Tyler Shea,19944356-K,36,Female,02/12/2012
520,Tiffany Murray,11875970-K,40,Female,20/01/2012
780,Timothy Wilson,6892164-K,70,Male,19/03/2021
121,Tonya Wilson,14413025-K,76,Female,22/02/2010
767,Brian Wilson,18194955-K,46,Female,18/05/2015
698,Diana Carey,18609500-0,45,Male,16/10/2005
346,Susan Long MD,19345868-0,48,Male,15/11/2014
344,Adam Elliott,16106889-0,69,Male,17/01/2009
582,Curtis Shepard,5251708-K,76,Female,26/10/2004
331,Brian Anderson,16362580-0,48,Female,15/02/2019
262,Justin Smith,12146597-K,27,Female,01/06/2018
620,Cynthia Spence,6652887-0,32,Male,21/06/2009
196,Thomas May,9458190-K,40,Female,15/07/2001
469,Jonathan Villa,8599316-0,58,Male,31/05/2020
488,Claire Burns,11858183-0,25,Female,04/04/2011
954,Jennifer Valentine,20843709-K,77,Female,14/06/2009
314,Mr. James Brown,11923625-K,76,Female,19/12/2010
27,Jennifer Pennington,13208639-K,77,Female,13/11/2000
763,David Arnold,5667506-0,72,Female,28/08/2015
389,Tina Williams,12647712-0,43,Male,21/02/2015
744,Charlotte Paul,15744195-K,80,Male,28/03/2013
699,Sharon Butler,6498809-0,71,Female,08/07/2002
225,Brandy Figueroa,9592654-0,56,Female,20/06/2018
862,Angela Peters,10089326-K,71,Female,22/01/2017
994,Stephanie Turner,6929579-K,40,Female,09/11/2014
509,Victoria Adams,19852306-K,37,Female,11/03/2000
108,Jessica Lang,8627721-0,26,Female,28/12/2007
813,Larry Ingram,12190839-0,54,Male,02/09/2007
575,Michael Noble,14938401-K,78,Male,09/01/2016
465,Taylor Ramirez,18160830-K,42,Male,21/10/2003
47,Lisa Duncan,14769510-K,31,Female,08/09/2018
328,Kyle Fox,15300080-K,48,Male,11/12/2022
776,Robert Anderson,12054478-K,45,Male,09/05/2005
844,Jon Dennis,15337749-K,73,Female,14/05/2016
82,Timothy Parker,16492512-K,28,Male,14/12/2001
175,Stacy Morrison,16729816-0,44,Male,27/08/2002
537,Jasmine Gibson,19508587-0,73,Female,25/02/2021
859,Christine Hill,14900898-K,80,Female,20/02/2015
892,Alexa Bradshaw,10700684-K,74,Male,19/12/2009
86,Michael Thomas,5040736-0,30,Female,11/07/2001
465,Taylor Ramirez,18160830-K,42,Male,21/10/2003
43,Gabriel Walker,20325395-0,29,Male,09/01/2017
709,Julie French,14762999-0,43,Female,15/12/2011
964,William Mooney,8601996-0,76,Male,17/10/2015
765,Aaron Leonard,13253334-0,30,Male,31/05/2012
891,Sean Bennett,13996564-K,25,Female,14/03/2008
569,Thomas Rivera,18490637-0,54,Male,19/12/2012
349,Ariel Tran,15461254-0,25,Female,24/09/2008
822,Michael Jones,14260814-0,67,Female,01/11/2006
577,Laura Myers,7278150-0,73,Male,01/08/2002
149,Brooke Mcintosh,12771525-0,42,Female,12/10/2006
57,Patricia Bradley,17834704-0,39,Male,21/10/2011
91,James Perez,15563291-K,68,Male,03/10/2010
255,Stephanie Beasley,19863193-0,31,Female,03/09/2011
869,Tamara Doyle,17545772-0,72,Male,25/08/2020
388,Joanna Rollins,5549271-0,47,Female,20/06/2013
12,Erin King,20012012-K,64,Female,09/12/2018
418,David Green,20107467-0,38,Male,23/03/2000
684,Connie Watkins,8821386-K,40,Male,21/04/2005
812,Mrs. Julie Patrick DVM,14175647-K,77,Male,20/11/2008
553,Adrian Miller,15946593-K,31,Female,30/08/2000
278,Lorraine Hopkins,16526837-0,43,Male,19/09/2022
48,Michael Simon,13833588-0,61,Female,05/04/2017
518,Timothy Booth,15809114-0,47,Male,01/05/2015
484,Ricky Torres,10303485-0,52,Male,06/08/2004
312,Andrew Miller,18523082-K,53,Female,17/11/2005
234,Mike Jones,9177136-0,35,Male,02/01/2014
607,Brian Green,15219544-0,67,Female,13/01/2005
838,Kristina Bullock,6791295-0,31,Female,24/06/2018
711,Richard Nguyen,7628795-0,62,Male,13/11/2004
369,Jessica Velazquez,19001010-K,52,Female,13/05/2019
841,Noah Grant,13408911-0,32,Male,31/08/2016
750,Amanda Torres,11155216-K,75,Male,15/11/2000
654,Lindsey Garcia,13565121-K,25,Female,24/09/2006
731,Thomas Reyes,18672026-0,65,Male,07/10/2003
903,Alex Hunt,8020015-0,63,Male,06/02/2004
250,Colleen Harrison,13043596-0,35,Male,21/02/2004
327,Andrew Wilson,8983311-0,31,Male,23/01/2006
34,Shawn Cobb,8014721-K,27,Male,18/03/2010
761,John White,10848692-K,71,Female,15/12/2014
325,Laura Reid,6864289-0,33,Female,19/10/2021
871,Joy Molina,10854653-K,61,Female,21/11/2008
895,Carrie Rivera,18630160-0,37,Male,08/04/2002
166,Mr. Travis Villegas PhD,6129225-0,70,Female,10/03/2014
829,Jennifer Stone,10392030-K,43,Male,09/10/2011
406,Patricia Wilson,14299350-0,34,Male,08/04/2022
820,Denise Mckinney,6006473-K,36,Female,01/11/2020
517,Eric Ayers,7560691-0,69,Female,02/03/2015
975,Diana Montoya,12167749-0,38,Male,18/08/2003
314,Mr. James Brown,11923625-K,76,Female,19/12/2010
547,Jeffrey Smith,7930880-0,38,Male,30/09/2003
15,William Rodriguez,10807920-0,48,Female,30/12/2008
8,Cody Lester,12154314-K,25,Female,06/04/2019
359,Dr. Nicole Martinez,8706494-K,29,Female,16/04/2015
414,Mr. Robert Gonzalez,6128928-K,57,Female,20/11/2006
169,Katrina Nunez,11713516-0,37,Male,23/07/2002
449,Mark Cardenas,10282808-0,68,Male,06/07/2017
488,Claire Burns,11858183-0,25,Female,04/04/2011
754,Terri Knight,8105936-K,69,Female,13/11/2016
624,Stephanie Johnson,15754021-0,69,Male,20/01/2009
93,Michelle Cole,13946446-0,46,Female,08/12/2013
787,Angela Sellers,15530149-K,67,Male,03/02/2019
621,Adrienne Smith,13359480-K,57,Male,13/08/2001
816,Jennifer Wood,11287954-K,35,Female,10/11/2003
454,William Thomas,19141378-K,58,Male,02/07/2006
360,Steven Williams,9198704-0,79,Female,02/12/2009
219,Christine Reyes,14524551-0,68,Male,15/08/2001
497,Jeffrey Johnson,11671817-K,34,Male,19/01/2005
221,Sydney Terrell,17957255-K,70,Female,27/12/2007
896,Alexis Murray DVM,19225666-K,44,Male,03/08/2016
180,Dalton Coffey,14450192-0,28,Female,13/08/2014
245,Elizabeth Davis,16436049-K,50,Female,21/11/2010
554,Joe Williams,12061683-0,46,Female,28/08/2002
480,Paul Johnson,11918230-K,27,Female,09/07/2006
65,Denise Peck,6131258-K,26,Male,18/03/2012
291,Valerie Rhodes,5384451-0,58,Male,30/01/2009
365,Christopher Calderon,14866322-K,25,Female,09/10/2017
865,Ashley Wilson,12154323-0,61,Female,14/07/2012
895,Carrie Rivera,18630160-0,37,Male,08/04/2002
227,Ashley Henderson,17414605-0,69,Male,09/02/2005
45,Timothy Stone,13562585-K,63,Female,28/09/2000
735,Brianna Moon,14453346-0,43,Female,31/05/2006
802,Rebecca Garcia,20471609-K,80,Female,29/10/2022
337,Charlene Cruz,18071483-0,45,Female,27/03/2022
132,Katherine Barton,13245789-K,79,Female,07/08/2015
351,Sara Morales,6163434-K,74,Male,24/06/2003
41,Tina Cox,12616242-K,72,Female,31/01/2004
34,Shawn Cobb,8014721-K,27,Male,18/03/2010
347,Melissa Williamson,17613901-0,38,Male,23/03/2021
536,Jesus Harris,8599109-K,42,Male,14/12/2001
855,Jessica Clark,16951451-0,62,Female,06/06/2004
209,Maria Kelley,10072582-K,51,Female,03/08/2008
747,Christopher Chavez,14620003-0,38,Male,02/02/2005
167,Patrick Ramirez,9995337-0,34,Male,08/02/2003
706,April Freeman,12209910-0,72,Female,27/08/2007
216,Roberto Evans,7265460-0,67,Female,11/01/2003
691,Brandon White,10623037-0,71,Female,24/12/2010
132,Katherine Barton,13245789-K,79,Female,07/08/2015
929,Sophia Moore,15530994-K,41,Female,27/10/2015
839,Justin Miles,17107124-0,75,Female,17/05/2021
261,Stephen Peck,20182214-K,47,Female,13/03/2016
239,Larry Barnes,13222334-K,62,Male,30/06/2002
557,Jesse Mullen,13306250-K,77,Female,11/08/2017
6,Casey Garcia,20035106-0,62,Female,15/10/2022
670,Jennifer Mcknight,9021017-0,59,Female,13/06/2010
875,Cynthia Potter,13587706-K,72,Male,22/12/2019
104,Victoria Combs,15238393-K,52,Male,17/01/2013
913,Joshua Gomez,14453105-K,56,Female,17/03/2020
577,Laura Myers,7278150-0,73,Male,01/08/2002
544,Sara Thompson,9415732-K,33,Female,23/01/2002
308,Anne Hunter,12848586-0,40,Female,29/08/2010
240,Laura Simmons,13071653-K,46,Male,07/04/2001
420,Katie Castro,20300979-K,70,Female,20/01/2004
487,Christopher Murray,8106340-K,48,Male,24/07/2002
448,Kristen Anderson,7810543-0,42,Male,17/09/2017
179,Melissa Gonzales,6781199-K,63,Female,22/10/2000
555,Jeffery Little,5849924-0,72,Male,29/12/2011
296,Heather Contreras,12609221-0,30,Male,21/06/2014
185,Victor Johnson,15688061-K,71,Male,17/08/2007
593,Andrew Miller,15944585-K,75,Male,06/05/2001
373,Linda Hernandez,12885481-K,28,Female,26/02/2013
69,Brittany Poole,11761598-K,72,Male,22/12/2019
730,Cynthia Bryant,18826166-0,65,Female,27/05/2013
372,Jacqueline Church,17080717-K,34,Male,31/05/2014
461,David Rivera,18425527-0,79,Male,14/11/2017
67,Christian Villarreal,17049452-K,54,Female,03/09/2003
859,Christine Hill,14900898-K,80,Female,20/02/2015
195,Brian Adams,13700973-0,60,Female,07/07/2007
52,Vincent Tapia,5301468-0,69,Male,13/06/2021
613,Frank Obrien,7722595-0,77,Female,09/12/2002
839,Justin Miles,17107124-0,75,Female,17/05/2021
153,Caroline Williams,20263948-K,39,Female,18/10/2007
510,Daniel Wilson,20849220-0,57,Male,22/09/2010
336,Joseph Molina,15327679-K,29,Male,12/07/2019
303,Joseph Larson,17656112-K,38,Female,22/07/2020
721,Monica Malone,19025211-0,31,Male,03/05/2013
610,Michelle Wilson,8321479-K,54,Male,31/10/2011
687,April Mills,20483508-K,74,Male,15/06/2014
648,Sara Kelley,5413390-0,28,Female,28/03/2020
735,Brianna Moon,14453346-0,43,Female,31/05/2006
560,Holly Robinson MD,10261648-0,41,Male,20/04/2014
647,Amy Bell,20634816-K,48,Male,03/07/2007
817,Rachel Cummings,9682136-K,57,Female,18/09/2015
35,Joshua Freeman,18598728-K,65,Female,01/08/2021
126,Juan Kennedy,10255564-0,36,Female,19/12/2019
789,Michelle Davis,12959324-K,40,Female,24/07/2002
691,Brandon White,10623037-0,71,Female,24/12/2010
99,Ana Watson,14210132-K,48,Male,07/01/2011
828,Lisa Glenn,19243011-0,27,Female,12/08/2001
851,Christina Foster,17619956-0,33,Male,21/03/2005
448,Kristen Anderson,7810543-0,42,Male,17/09/2017
611,Victor Anthony,8544073-K,32,Male,07/04/2010
368,Robert Davis,19717224-0,64,Female,29/05/2013
212,Stanley Zhang,14523967-K,57,Female,30/10/2013
104,Victoria Combs,15238393-K,52,Male,17/01/2013
894,Christopher Snyder,15731564-0,72,Male,15/02/2011
377,William Goodman PhD,9358853-0,55,Male,16/11/2008
904,Beverly Anderson,14372260-0,46,Female,17/06/2010
44,Justin Ingram,9186153-0,60,Male,24/07/2015
803,Carla Gill,8734953-0,54,Female,04/10/2011
462,Katrina Blackwell,13937021-0,29,Male,21/12/2000
63,Darren Ward,13670872-0,46,Female,30/07/2021
288,Phyllis Nunez,11572348-0,32,Female,06/02/2009
76,Jacob Cruz,16335891-0,78,Female,26/08/2022
498,Amy Oconnell,16939615-0,79,Female,26/09/2013
267,Chris Jones,9602582-K,51,Female,27/03/2018
321,Cody Webb,5849109-K,43,Male,10/01/2009
864,Alexander Atkinson,5262533-0,33,Male,02/07/2008
207,Brian Mata,5305399-K,55,Female,10/02/2008
701,Curtis Bradford,6925368-0,75,Female,11/07/2016
410,Lori Miller,5964329-K,28,Male,10/04/2020
561,Bryan Montes,8571222-0,77,Male,10/09/2001
430,Jose Garcia,16000088-0,79,Male,20/08/2022
421,Alyssa Gibson,13056356-K,58,Male,27/01/2002
182,Monica Cohen,7372391-K,44,Male,15/12/2017
456,Jamie Hammond,7177320-K,29,Male,17/04/2006
115,Michael Park,9785970-0,74,Female,16/08/2009
815,Rebecca Soto,14461586-K,44,Female,03/02/2006
66,Patrick Bell,9438571-K,35,Male,14/11/2017
556,Kyle Meadows,13517709-0,56,Male,30/09/2005
852,Steve Davidson,13104305-0,33,Male,09/10/2007
150,David Charles,16290566-0,58,Male,10/11/2018
491,Jessica Cox,10780054-K,36,Female,03/01/2021
822,Michael Jones,14260814-0,67,Female,01/11/2006
83,Jeremy Lawrence,7314856-K,47,Female,26/10/2016
473,Todd Mason,10948195-K,44,Male,17/10/2005
290,Timothy Edwards,19669545-K,45,Male,16/07/2010
742,Pamela Camacho,16736488-0,27,Female,01/11/2005
282,Rebecca Holt,6130840-0,65,Male,21/10/2011
212,Stanley Zhang,14523967-K,57,Female,30/10/2013
88,Christopher Brown,8410379-K,79,Male,13/11/2011
658,Matthew Rodriguez,12182143-K,56,Female,04/01/2014
916,Michael Myers,12130042-0,61,Female,18/10/2002
96,Mariah Scott,18819523-K,26,Male,04/09/2013
772,Tom Lindsey,7102055-K,25,Female,23/10/2021
486,Jordan Murphy,20231249-K,65,Female,03/11/2016
855,Jessica Clark,16951451-0,62,Female,06/06/2004
478,Susan Mcdonald,11244391-K,41,Male,05/05/2019
127,Angela Collins,8762355-K,31,Female,26/08/2005
109,Samuel Young,17865731-0,56,Male,06/06/2013
495,Jamie Brown,17003266-K,47,Female,19/04/2011
332,Logan Johnson,18245848-0,41,Male,13/02/2012
382,Denise Patterson,9080524-0,74,Female,10/07/2001
395,Sarah Jones,13164718-0,37,Female,23/10/2013
947,Kaitlyn Cook,9576682-K,43,Female,09/08/2007
544,Sara Thompson,9415732-K,33,Female,23/01/2002
380,Johnathan Arnold,17181086-K,75,Male,03/01/2001
906,Matthew Lee,5617661-K,73,Male,31/08/2019
623,Andrew Gallagher,19801492-K,53,Male,09/12/2022
224,Richard Soto,14934475-0,76,Female,19/02/2012
764,Christopher Cook,14096643-0,28,Male,31/12/2019
808,Steven Anderson,19900893-K,34,Female,09/07/2018
907,Martha Adams,8794848-0,51,Male,29/08/2013
494,Mr. Juan Reynolds,8266338-0,56,Male,07/07/2000
361,Seth Beck,18199220-0,72,Male,27/10/2002
168,Ashley Fox,15560420-0,68,Male,15/03/2017
959,Matthew Copeland,5324666-K,65,Male,03/08/2003
696,Alexa Powell,10685251-0,48,Female,20/03/2003
567,Craig Parker,15275663-0,25,Female,23/03/2006
176,Aaron Washington,14324252-K,42,Male,09/07/2001
690,Donna Gomez,12762799-0,78,Male,23/09/2005
773,Stacy Hernandez,17253276-K,53,Male,19/03/2012
967,Donna Torres,6086829-K,64,Female,12/04/2005
284,Scott Clayton,6715981-0,55,Male,25/01/2011
969,Phillip Williams,20977148-0,42,Male,01/10/2008
256,Grace Martin,8512840-K,56,Female,29/06/2020
90,Tyler Gomez,10324025-K,27,Male,23/02/2012
116,Scott Cohen,7486755-K,72,Male,27/06/2018
394,Jose Miller,7050030-K,71,Male,17/04/2000
357,Paul Trujillo,12300704-K,65,Female,13/08/2018
849,Robert Williams,12108782-K,41,Female,17/01/2003
82,Timothy Parker,16492512-K,28,Male,14/12/2001
353,Natalie Carpenter,7845542-0,42,Female,19/01/2020
628,Robert Sawyer,19456317-K,68,Female,22/10/2012
590,Samuel Thompson,12747158-0,50,Male,14/08/2019
54,Terry Peck,9027478-K,44,Male,20/01/2020
407,Rebecca Stephens,9741115-0,52,Male,02/06/2005
29,Andrea Martinez,7055656-K,64,Male,09/08/2006
192,David Gibson,8433994-0,27,Male,03/06/2012
914,Alicia Casey,15797349-K,57,Male,28/11/2014
471,Kimberly Morales,10643788-K,68,Female,19/05/2019
879,Nicole Graham,17023798-0,40,Female,25/12/2021
657,Lori Reyes,20913571-K,59,Female,29/01/2016
731,Thomas Reyes,18672026-0,65,Male,07/10/2003
437,Clifford Christensen,19472433-0,78,Male,02/03/2009
280,Madeline Meyer,14044068-K,52,Female,28/11/2009
152,Gary Johnson,16698844-0,50,Male,23/02/2018
778,Douglas Smith,6321996-K,71,Male,21/05/2013
430,Jose Garcia,16000088-0,79,Male,20/08/2022
102,Deborah Riggs,15742238-K,46,Female,08/12/2009
199,Daniel Davis,15136501-0,69,Female,14/06/2019
271,Janet Romero,6157183-0,47,Male,01/10/2022
772,Tom Lindsey,7102055-K,25,Female,23/10/2021
269,Crystal Chapman,17220749-0,42,Female,01/03/2009
241,Dawn Ford,14195509-K,36,Male,25/08/2016
548,Courtney Baker,14686433-0,60,Female,30/08/2008
393,Justin Matthews,14045597-0,77,Male,11/08/2009
547,Jeffrey Smith,7930880-0,38,Male,30/09/2003
586,Scott Randolph,16377919-K,27,Male,10/03/2008
530,Gordon Garrison,10492945-0,47,Female,11/05/2017
437,Clifford Christensen,19472433-0,78,Male,02/03/2009
899,Thomas Nelson,13518678-K,33,Male,01/10/2001
614,Dwayne Turner,6277005-0,66,Female,28/09/2022
705,Kenneth Adams,16123147-0,79,Female,07/03/2017
886,Kaylee Freeman,8410554-K,45,Male,18/10/2020
679,Jessica Atkinson,15918817-0,36,Female,15/04/2018
270,Dennis Hahn,11534872-0,64,Male,02/05/2020
164,Alexander Tanner,15439065-K,31,Female,21/06/2009
771,Samantha Lester,5546185-K,51,Male,07/08/2014
243,David Lowe,16346846-K,46,Female,19/01/2001
45,Timothy Stone,13562585-K,63,Female,28/09/2000
19,Michael Bryant,19128122-K,70,Male,20/05/2018
830,Blake Montgomery,14330290-K,80,Female,24/02/2018
733,Anthony Salazar,19657129-0,39,Female,05/09/2016
256,Grace Martin,8512840-K,56,Female,29/06/2020
870,Mitchell Weaver,18738784-0,38,Male,08/10/2010
55,Kyle Estes,6098456-0,41,Male,11/03/2005
901,Shannon Morton,13067137-0,37,Female,28/05/2009
515,Kimberly Tran,5896101-0,29,Female,02/08/2007
294,Kristen Green,18980855-K,27,Male,20/06/2018
452,Cynthia Harris,16511191-0,46,Female,20/10/2003
812,Mrs. Julie Patrick DVM,14175647-K,77,Male,20/11/2008
754,Terri Knight,8105936-K,69,Female,13/11/2016
622,Jeffrey Bowen,13543600-0,41,Male,27/01/2007
290,Timothy Edwards,19669545-K,45,Male,16/07/2010
738,Henry Miller,15368875-0,25,Male,27/04/2002
142,Amanda Morgan,9841771-K,65,Female,21/07/2013
33,Gerald Norton,7898340-0,59,Female,04/11/2020
526,John Taylor,18019599-K,35,Male,20/06/2004
24,Joseph Navarro,9416729-0,49,Male,08/10/2019
60,Vicki Jordan,20759590-K,42,Male,06/03/2006
795,Ariel Zimmerman,5963426-0,66,Male,04/09/2000
505,Heidi Morse,7787314-K,33,Female,11/12/2012
677,Pamela Hughes,7877836-0,71,Female,19/08/2008
177,Brian Reed,11285357-0,30,Male,09/07/2012
611,Victor Anthony,8544073-K,32,Male,07/04/2010
111,Alexis Curry,12015034-K,68,Female,12/04/2013
459,Brenda Lee,19423566-0,49,Female,27/12/2020
28,Debra Cooper,6304866-K,37,Female,17/11/2010
527,Brenda Thompson,18080562-K,36,Male,24/07/2002
688,Tracy Allen,7045609-0,37,Male,20/09/2010
540,Noah Brown,5181445-0,33,Female,10/04/2003
748,Kyle Pace,18003138-K,50,Female,06/11/2001
178,Dr. Justin Figueroa,14527812-0,49,Female,22/02/2004
452,Cynthia Harris,16511191-0,46,Female,20/10/2003
853,Justin Sanders,10868682-0,44,Female,04/08/2008
792,Sherry Murphy,5620016-K,38,Female,20/08/2001
241,Dawn Ford,14195509-K,36,Male,25/08/2016
538,Joshua Ferguson,18724030-0,76,Male,18/09/2004
604,Robin Hale,6166851-0,59,Male,06/07/2016
129,Steven Zuniga,14950759-0,64,Male,18/06/2006
384,Kevin Adams,17341048-0,35,Female,08/09/2006
62,Monique Rodriguez,18426406-K,58,Female,07/05/2002
647,Amy Bell,20634816-K,48,Male,03/07/2007
330,Elizabeth Campbell,14337324-K,62,Male,02/02/2010
273,Laurie Garcia,11226031-K,34,Male,22/03/2020
74,Tara Wolf,17907999-K,61,Male,26/11/2010
17,Kaitlyn Schneider,10208233-K,67,Female,02/01/2002
727,Kevin Marsh Jr.,12810149-K,40,Male,13/02/2012
397,Margaret Simon,6067492-0,53,Female,24/10/2011
6,Casey Garcia,20035106-0,62,Female,15/10/2022
802,Rebecca Garcia,20471609-K,80,Female,29/10/2022
213,Wayne Jones,5269825-0,42,Female,14/01/2020
409,Christie Farmer,8748808-K,73,Male,02/03/2016
300,James Frank,19717717-0,68,Male,11/10/2020
682,Ashley Curtis,10886253-0,27,Male,22/10/2000
287,Gabriela Knight,8178816-K,49,Male,29/04/2003
578,Casey Mcclure,8487286-K,73,Male,20/12/2009
584,Travis Welch,18816500-0,56,Male,28/01/2001
163,James Larson,7279606-K,25,Female,22/12/2001
552,Robin Lee,18061213-0,47,Female,05/03/2007
463,Tiffany Meyers,20992757-K,45,Male,28/12/2018
46,Jacob Miller,17856172-K,76,Female,07/08/2000
625,Edgar Franklin,17072098-0,74,Male,16/02/2001
276,Rachel Peck,7711867-K,42,Female,09/12/2006
606,Jessica Sanchez,17222105-0,80,Female,29/05/2010
853,Justin Sanders,10868682-0,44,Female,04/08/2008
38,Luke Mitchell,6688487-K,43,Male,02/12/2014
129,Steven Zuniga,14950759-0,64,Male,18/06/2006
413,Catherine Moore,20444179-K,31,Male,08/04/2009
919,Kara Woodard,7486132-K,26,Male,29/04/2017
872,Lisa Fitzgerald,9300994-K,49,Male,28/08/2000
468,John Bowers,10101579-K,33,Female,04/10/2015
683,Jade Butler,15469576-K,56,Male,05/08/2001
324,Linda Hurley,9625832-K,54,Female,13/06/2003
62,Monique Rodriguez,18426406-K,58,Female,07/05/2002
877,Joshua Young Jr.,9864764-K,28,Female,13/11/2007
766,Suzanne Montoya,14988714-0,60,Female,27/01/2016
694,Shelly Pratt,5282546-K,53,Male,10/06/2008
873,Daniel Bush,8798154-K,58,Male,07/07/2014
692,James Winters,13727156-K,25,Female,17/12/2014
233,Andre Becker,6854813-K,70,Male,30/07/2019
846,Zachary Kemp,9120068-0,63,Male,27/05/2020
912,Kayla Mercer,8878216-0,54,Female,28/08/2009
114,Aaron Williams,5061018-K,38,Male,07/06/2016
318,Amanda Vargas,9460399-0,56,Female,11/08/2001
65,Denise Peck,6131258-K,26,Male,18/03/2012
996,Jonathan Davis,20774514-0,45,Female,08/09/2019
714,Steven Ramirez,11240960-0,38,Female,11/08/2010
37,Mrs. Angela Smith,19591644-K,30,Female,25/12/2017
561,Bryan Montes,8571222-0,77,Male,10/09/2001
280,Madeline Meyer,14044068-K,52,Female,28/11/2009
259,Crystal Pacheco,14584821-0,43,Female,16/01/2019
694,Shelly Pratt,5282546-K,53,Male,10/06/2008
51,Christopher Garner,5529587-K,69,Male,09/04/2003
763,David Arnold,5667506-0,72,Female,28/08/2015
248,Patrick Bates,17494697-0,25,Female,07/02/2015
632,Rhonda Martin,14580827-K,52,Male,18/07/2011
205,Maria Pearson,10936391-0,58,Male,22/12/2009
508,Micheal Obrien,9317970-0,79,Male,30/05/2021
68,Dawn Sosa,13393483-0,28,Male,21/06/2022
401,Matthew Noble,19890115-0,37,Female,20/02/2012
298,Garrett Diaz,8534717-0,34,Female,17/08/2019
641,Debra Green,6692439-K,53,Female,11/08/2017
823,Adam Hayes,20825717-0,65,Female,25/03/2021
936,Mrs. Alicia Nelson MD,18884678-K,56,Female,01/05/2017
211,Christy Chavez,8415045-K,69,Female,09/08/2016
459,Brenda Lee,19423566-0,49,Female,27/12/2020
226,Veronica Evans,5092629-0,45,Female,13/12/2000
414,Mr. Robert Gonzalez,6128928-K,57,Female,20/11/2006
930,David Miller,7929336-K,68,Female,26/04/2000
497,Jeffrey Johnson,11671817-K,34,Male,19/01/2005
741,William Carlson,20683912-K,33,Female,12/10/2021
140,Debra Vasquez,18046167-0,27,Male,02/05/2016
998,Anna Carroll,17748310-0,69,Male,02/09/2022
372,Jacqueline Church,17080717-K,34,Male,31/05/2014
844,Jon Dennis,15337749-K,73,Female,14/05/2016
210,Randy Morrow,18835334-K,35,Female,11/03/2018
999,Dr. John Johnson,20192580-0,27,Male,31/10/2020
988,Brandon Peterson,16108207-K,37,Female,20/03/2004
10,Edward Holmes,17520448-K,50,Female,11/06/2022
300,James Frank,19717717-0,68,Male,11/10/2020
329,David Hendrix,10899652-K,73,Male,20/04/2008
118,Lori Young,10465519-0,62,Male,06/01/2001
655,Adam Moore,12212897-0,58,Female,10/09/2007
518,Timothy Booth,15809114-0,47,Male,01/05/2015
741,William Carlson,20683912-K,33,Female,12/10/2021
928,Craig Higgins,8294445-K,35,Male,08/08/2006
219,Christine Reyes,14524551-0,68,Male,15/08/2001
881,Jessica Kelly,20752645-0,43,Female,25/07/2015
797,Richard Walters,10665355-K,50,Female,01/03/2005
827,Joseph Green,9221665-0,36,Female,15/06/2019
484,Ricky Torres,10303485-0,52,Male,06/08/2004
451,Eric Barrett,7685564-K,75,Male,17/12/2005
37,Mrs. Angela Smith,19591644-K,30,Female,25/12/2017
725,Kiara Roman,10023766-K,44,Male,14/06/2021
494,Mr. Juan Reynolds,8266338-0,56,Male,07/07/2000
906,Matthew Lee,5617661-K,73,Male,31/08/2019
684,Connie Watkins,8821386-K,40,Male,21/04/2005
21,Misty Lee,18852303-0,70,Female,16/03/2001
534,Tracy Smith,7357312-0,56,Male,04/09/2017
3,Brandy White,12544272-0,25,Male,15/01/2011
257,Jessica Torres,9222702-0,71,Female,13/10/2004
786,Ryan Myers,11070277-0,25,Female,04/08/2013
419,Laura Barnett,15395237-0,48,Female,04/06/2006
496,Kristine Shaw,14417050-K,35,Male,01/11/2019
748,Kyle Pace,18003138-K,50,Female,06/11/2001
490,Alan Torres Jr.,18725236-K,43,Male,23/05/2011
489,Sara Mccarthy,13676308-0,61,Female,26/06/2019
236,Brittany White,6025369-K,61,Female,26/03/2011
310,Samantha Jimenez,11083794-0,35,Female,27/05/2011
608,Sabrina Lamb,6206152-0,66,Male,30/10/2015
348,Brent Cox,18285581-K,36,Male,20/01/2016
580,Robert Goodwin,6227627-K,64,Female,23/11/2003
990,Kathleen Keller,7907799-K,33,Female,22/08/2019
283,Antonio Collins,13553910-0,42,Male,13/02/2001
820,Denise Mckinney,6006473-K,36,Female,01/11/2020
793,Brenda King,14180688-K,38,Female,11/02/2018
319,Caitlin Jenkins,8045864-K,32,Female,24/11/2009
837,Ashley Hunter,12318676-0,66,Female,13/01/2017
863,James Cross,5146096-0,27,Male,31/08/2007
466,William Wilson,13868850-0,51,Female,02/10/2003
425,Patricia Gray DVM,13758957-K,72,Female,02/12/2019
572,Ryan Gordon,6559028-K,27,Female,02/12/2018
540,Noah Brown,5181445-0,33,Female,10/04/2003
651,Bryan Doyle,13082121-0,65,Male,14/02/2013
236,Brittany White,6025369-K,61,Female,26/03/2011
366,Michael Gilmore,13183935-K,78,Female,27/09/2017
232,Cindy Durham,12564796-K,27,Female,06/11/2009
107,Mary Aguilar,5484836-0,26,Female,17/10/2011
583,Rodney Green Jr.,18424611-0,38,Male,03/10/2013
112,Rebecca Myers,20845866-0,33,Male,26/09/2000
455,Joshua Martin,16187745-K,58,Female,12/04/2018
526,John Taylor,18019599-K,35,Male,20/06/2004
345,Alexandra Casey,18318263-0,65,Male,01/02/2004
444,Rebecca Massey,10513056-K,56,Female,04/02/2005
718,Juan Logan,11791764-0,45,Female,19/10/2022
765,Aaron Leonard,13253334-0,30,Male,31/05/2012
245,Elizabeth Davis,16436049-K,50,Female,21/11/2010
739,Sara Bartlett,14033401-0,64,Female,18/10/2001
840,Tracey Rice,8285916-0,52,Female,20/03/2004
374,John Carpenter,13895119-K,80,Female,22/08/2020
766,Suzanne Montoya,14988714-0,60,Female,27/01/2016
743,Sarah Cruz,8194506-0,65,Male,09/06/2013
471,Kimberly Morales,10643788-K,68,Female,19/05/2019
761,John White,10848692-K,71,Female,15/12/2014
512,Jasmine Valenzuela,17952828-0,39,Female,06/05/2018
563,Douglas Brown,20444512-K,69,Female,30/07/2007
558,Erica Nichols,10706510-K,58,Female,28/12/2005
810,Elizabeth Myers,5037063-K,62,Male,19/07/2006
626,Matthew Zimmerman,15273049-0,33,Male,11/09/2007
277,Steve Walker,7193231-0,53,Female,19/12/2022
416,Anthony Woods,14279660-0,73,Female,23/07/2004
502,Greg Romero,6168645-K,47,Female,10/08/2017
445,Jennifer Richmond,13434163-K,73,Female,01/10/2016
546,Joy Gutierrez,14470130-0,34,Male,01/12/2008
563,Douglas Brown,20444512-K,69,Female,30/07/2007
612,Robert Harrison,9536753-K,47,Male,04/05/2022
726,Brandon Obrien,18137416-K,62,Male,24/04/2009
479,Annette Johnson,19968144-0,28,Female,14/03/2010
826,Caitlyn Ortega,17015382-K,34,Male,29/07/2007
7,Tracy Vargas,7059485-K,72,Female,26/10/2014
356,Louis Santiago,13621705-K,65,Female,19/02/2010
420,Katie Castro,20300979-K,70,Female,20/01/2004
923,Joy Pennington,8349379-K,44,Male,15/10/2021
762,Devin Murray,10709412-K,67,Male,14/01/2003
656,Nathan Paul,12798555-K,28,Female,07/10/2000
729,Mrs. Jean Thomas,13584383-0,39,Female,09/10/2013
461,David Rivera,18425527-0,79,Male,14/11/2017
472,Kimberly Pierce MD,19509856-0,67,Male,29/03/2004
281,Tammy Chavez,16715947-0,42,Female,10/11/2007
887,Terry Roman,6596816-K,48,Male,23/05/2005
819,Joseph Bolton,17603841-0,63,Male,19/08/2000
933,David Morgan,14360191-K,71,Male,16/05/2005
805,Maria Williams,8124682-K,33,Female,05/04/2014
455,Joshua Martin,16187745-K,58,Female,12/04/2018
520,Tiffany Murray,11875970-K,40,Female,20/01/2012
333,Laurie Miller,9762539-0,50,Female,04/08/2009
370,Maureen Sosa,8072908-0,53,Male,22/06/2019
500,Matthew Rodriguez,9984984-0,61,Male,05/02/2021
470,Jacob Richard,14697276-K,39,Male,13/09/2011
125,Deanna Rice,10852565-K,51,Female,19/05/2007
705,Kenneth Adams,16123147-0,79,Female,07/03/2017
769,James Rodriguez Jr.,15548132-0,67,Female,02/03/2013
711,Richard Nguyen,7628795-0,62,Male,13/11/2004
897,Andrew Callahan,15201077-K,37,Male,04/09/2021
443,Elizabeth Simmons,6431203-K,80,Male,18/11/2005
695,Ashley Jordan,6630227-0,80,Male,29/05/2003
411,James Simmons,19018693-K,72,Female,07/09/2004
799,Connor Combs,8336720-0,67,Male,05/02/2008
172,Jason Brown,16822988-K,31,Male,04/01/2004
191,Elizabeth Blanchard,14985994-0,47,Female,31/12/2010
500,Matthew Rodriguez,9984984-0,61,Male,05/02/2021
242,Patrick Charles,7139317-0,25,Female,25/09/2009
811,Christy Brown,9020310-0,50,Female,14/12/2007
433,James Watson,12916807-0,58,Male,10/06/2017
76,Jacob Cruz,16335891-0,78,Female,26/08/2022
161,Andrea Garcia,15221616-K,48,Female,01/06/2012
935,Kevin Hicks,8299242-0,64,Female,27/01/2001
790,Hector Gomez,8897892-K,35,Female,29/12/2014
776,Robert Anderson,12054478-K,45,Male,09/05/2005
423,Anthony Sullivan,13637233-0,49,Male,28/07/2016
583,Rodney Green Jr.,18424611-0,38,Male,03/10/2013
460,Amber Bowen,7920377-0,63,Male,25/10/2009
704,Christopher Kelly,10915393-K,30,Female,23/03/2008
565,Sherry Gonzales,20417886-K,54,Female,01/10/2009
564,Julie Pacheco,8591522-K,45,Male,24/02/2016
753,Kimberly Stewart,11673014-0,78,Male,19/07/2020
780,Timothy Wilson,6892164-K,70,Male,19/03/2021
899,Thomas Nelson,13518678-K,33,Male,01/10/2001
166,Mr. Travis Villegas PhD,6129225-0,70,Female,10/03/2014
864,Alexander Atkinson,5262533-0,33,Male,02/07/2008
396,Lisa Ortiz,11604177-0,56,Female,17/09/2011
453,Patricia Smith,6394854-0,47,Male,20/01/2004
367,Dana Wells,14510373-0,65,Female,29/07/2002
885,April Dunn,14287833-K,30,Male,27/04/2018
1,Lori Ford,8079859-0,45,Female,07/12/2007
592,Connie Alvarez,12999026-0,65,Female,20/04/2016
507,Stephanie Cox MD,17172657-K,57,Female,11/07/2003
847,Michael Byrd,8301213-K,47,Male,29/01/2005
546,Joy Gutierrez,14470130-0,34,Male,01/12/2008
311,Eric Nolan,7988400-0,78,Female,08/11/2009
16,Michael Rodriguez,7472957-K,64,Female,06/10/2003
908,John Saunders,20816828-K,72,Female,21/03/2006
809,Michael George,9018210-K,62,Female,25/02/2010
381,Melinda Green,5443759-K,30,Male,10/02/2019
215,Jennifer Levy,19117805-0,66,Male,15/03/2000
624,Stephanie Johnson,15754021-0,69,Male,20/01/2009
12,Erin King,20012012-K,64,Female,09/12/2018
320,Steven Sanchez,7986818-K,80,Female,05/12/2020
5,Sarah Bradley,6680013-K,38,Female,12/12/2009
907,Martha Adams,8794848-0,51,Male,29/08/2013
51,Christopher Garner,5529587-K,69,Male,09/04/2003
744,Charlotte Paul,15744195-K,80,Male,28/03/2013
238,Heather Henry,20530866-0,56,Female,10/07/2003
272,Kimberly Hall MD,17962497-K,76,Male,12/06/2014
831,Chelsea Castaneda,17208739-0,60,Female,12/07/2020
198,Jessica Franklin,8394334-K,30,Female,20/06/2004
281,Tammy Chavez,16715947-0,42,Female,10/11/2007
685,Courtney Brewer,17881618-0,47,Female,28/06/2002
487,Christopher Murray,8106340-K,48,Male,24/07/2002
77,Jonathan Roy,17816368-0,40,Male,04/06/2001
25,Allen Velez,17430773-0,39,Male,30/06/2004
58,Holly Goodwin,7369925-0,74,Female,18/05/2005
573,Shannon Nelson,11699475-0,47,Female,06/01/2002
702,Carl Davis,12366565-K,48,Female,28/06/2016
407,Rebecca Stephens,9741115-0,52,Male,02/06/2005
143,Heather Dunn,15787314-K,27,Male,04/02/2005
175,Stacy Morrison,16729816-0,44,Male,27/08/2002
264,Cristian Vargas,5392712-0,62,Female,29/11/2022
361,Seth Beck,18199220-0,72,Male,27/10/2002
170,Sandra Flores,14928135-0,59,Female,16/02/2013
983,Angel Richards,6134359-0,31,Female,25/10/2018
302,Katherine Ramos,17277217-K,78,Male,20/01/2022
495,Jamie Brown,17003266-K,47,Female,19/04/2011
506,Ashley Jones,12942988-0,51,Female,05/05/2017
267,Chris Jones,9602582-K,51,Female,27/03/2018
360,Steven Williams,9198704-0,79,Female,02/12/2009
648,Sara Kelley,5413390-0,28,Female,28/03/2020
329,David Hendrix,10899652-K,73,Male,20/04/2008
868,Terri Mata,12963555-K,52,Female,25/03/2012
652,Donna Holder,20161058-K,40,Male,22/09/2001
386,Richard Alvarado,14957203-0,55,Male,09/12/2017
119,Mitchell Fischer,16664034-K,33,Male,15/01/2001
703,Terry Dennis,10876386-0,45,Male,17/05/2021
259,Crystal Pacheco,14584821-0,43,Female,16/01/2019
858,Ian Rosario,12976883-K,44,Female,06/11/2011
629,Sandra Osborne,17185444-0,37,Male,10/04/2017
158,Shaun Mendez,11205823-0,61,Female,20/12/2017
178,Dr. Justin Figueroa,14527812-0,49,Female,22/02/2004
139,Pamela Taylor,12776579-K,48,Male,26/08/2011
441,Christopher Lara,19149717-0,66,Male,28/09/2005
524,Joseph Lee,18697634-0,70,Female,08/08/2012
355,Tracy Cox,16783842-K,27,Male,10/11/2017
814,Richard Morrison,19608156-0,36,Female,12/05/2007
614,Dwayne Turner,6277005-0,66,Female,28/09/2022
453,Patricia Smith,6394854-0,47,Male,20/01/2004
106,William Lowery,20030318-K,52,Male,02/12/2014
297,Thomas Garcia,19602887-0,58,Male,20/05/2012
137,Jennifer Herman,9095218-0,65,Male,31/07/2009
482,James Chang,8831894-K,71,Male,02/03/2011
499,Matthew Burch,18688690-0,36,Female,22/04/2003
675,Nancy Lee,9712031-K,64,Female,01/09/2019
339,Timothy Duncan,16004271-0,31,Female,23/05/2011
13,Antonio Camacho,8931159-K,56,Female,01/03/2016
423,Anthony Sullivan,13637233-0,49,Male,28/07/2016
2,David Miller,19060824-K,61,Male,15/09/2012
293,Jacob Hernandez,12925474-K,76,Female,04/03/2012
230,Jared Wright,14356269-0,68,Male,19/05/2006
769,James Rodriguez Jr.,15548132-0,67,Female,02/03/2013
860,Bryan Smith,19072114-K,64,Male,03/02/2019
176,Aaron Washington,14324252-K,42,Male,09/07/2001
17,Kaitlyn Schneider,10208233-K,67,Female,02/01/2002
627,Holly Elliott,9856379-K,51,Male,30/04/2018
117,Larry Holmes,7302828-K,33,Male,13/02/2008
779,Christopher Robinson,5652030-0,37,Female,11/11/2008
530,Gordon Garrison,10492945-0,47,Female,11/05/2017
304,Mark Walker,15023994-K,27,Female,28/12/2011
275,Dennis Mayer,6864260-K,38,Male,16/07/2002
887,Terry Roman,6596816-K,48,Male,23/05/2005
752,Theresa Flores,13709306-K,36,Male,30/04/2013
579,Timothy Harris,13264501-K,49,Female,01/12/2002
59,Jennifer Walters,11858942-K,46,Female,03/08/2013
556,Kyle Meadows,13517709-0,56,Male,30/09/2005
824,Shannon Parks,18284050-0,57,Male,21/12/2008
18,Jared Perkins,7620753-K,32,Male,21/01/2005
429,Jamie Butler,16275340-0,41,Male,04/12/2011
239,Larry Barnes,13222334-K,62,Male,30/06/2002
755,Joshua Miller,15952688-0,47,Male,25/03/2005
343,Adrian Ashley,20084679-K,36,Female,02/09/2019
686,Yolanda Moore,20938890-K,73,Male,22/02/2020
97,Darlene Underwood,16729368-K,72,Female,06/11/2000
636,Carlos Berg MD,14932133-0,59,Female,04/12/2009
366,Michael Gilmore,13183935-K,78,Female,27/09/2017
317,Susan Thompson,20800933-0,78,Female,17/02/2002
562,Carl Pruitt,17025959-K,33,Male,26/06/2006
165,Brandy Ferguson,7698935-0,30,Male,22/12/2020
4,Matthew Harris,18601007-0,68,Male,22/05/2000
432,Brian Jones,10955225-K,44,Male,13/10/2019
363,Heidi Hawkins,19467125-0,55,Male,06/10/2008
634,Tammy Love,13366662-0,44,Female,25/03/2005
148,Dean Bruce,12247929-0,51,Female,24/05/2002
205,Maria Pearson,10936391-0,58,Male,22/12/2009
745,Mr. Keith Carlson,5370917-K,42,Female,26/07/2005
354,Elizabeth Scott,16040561-K,41,Male,12/02/2010
262,Justin Smith,12146597-K,27,Female,01/06/2018
883,Lindsay Allen,6583070-K,78,Male,14/11/2003
439,Janice Hughes,15739248-0,80,Male,07/04/2000
483,Steven Webb,13594430-K,39,Female,06/09/2002
863,James Cross,5146096-0,27,Male,31/08/2007
145,Jennifer Dickson,18095687-K,66,Male,17/11/2011
248,Patrick Bates,17494697-0,25,Female,07/02/2015
571,Laurie Owen,5247370-K,62,Female,18/05/2000
1,Lori Ford,8079859-0,45,Female,07/12/2007
202,Jessica Lopez,18857125-K,58,Female,10/02/2008
902,John Shields,7281243-0,58,Female,27/01/2016
354,Elizabeth Scott,16040561-K,41,Male,12/02/2010
32,Catherine Osborn,9748485-0,64,Female,29/12/2006
141,Adam Hall,20819426-K,71,Female,05/03/2001
24,Joseph Navarro,9416729-0,49,Male,08/10/2019
133,Sarah Reynolds,20015626-K,41,Female,23/12/2002
136,Troy Powell,6893171-0,36,Female,16/12/2003
334,Zachary Smith,19229182-K,42,Female,26/01/2022
860,Bryan Smith,19072114-K,64,Male,03/02/2019
892,Alexa Bradshaw,10700684-K,74,Male,19/12/2009
800,Stephen Washington,7437587-0,42,Female,25/05/2022
457,Anthony Anderson,8835275-K,63,Male,27/10/2000
562,Carl Pruitt,17025959-K,33,Male,26/06/2006
352,Jeffrey Rivera,11083005-K,68,Female,29/08/2007
131,Amy Serrano,8216181-K,72,Male,03/05/2020
53,David Hernandez,9718317-0,46,Female,28/07/2021
511,Daniel Chavez,20024243-K,74,Female,23/05/2015
206,Kelly Butler,16700403-0,52,Female,10/09/2000
477,Vincent Lewis,19738685-K,36,Female,10/09/2010
278,Lorraine Hopkins,16526837-0,43,Male,19/09/2022
575,Michael Noble,14938401-K,78,Male,09/01/2016
692,James Winters,13727156-K,25,Female,17/12/2014
784,Willie Long,16117141-K,72,Female,04/06/2018
0,April Gregory,12124659-K,33,Female,09/12/2008
605,Brandon Olsen,18833116-K,36,Female,04/06/2001
900,Maria Whitney,16169249-0,66,Male,08/04/2006
681,Rhonda Stevenson,14312329-K,30,Male,10/12/2013
777,Eric Barnes,5765110-K,28,Male,05/10/2016
819,Joseph Bolton,17603841-0,63,Male,19/08/2000
909,John Jennings,7331865-0,70,Female,26/05/2005
209,Maria Kelley,10072582-K,51,Female,03/08/2008
510,Daniel Wilson,20849220-0,57,Male,22/09/2010
382,Denise Patterson,9080524-0,74,Female,10/07/2001
70,Susan Edwards,16453073-K,30,Male,17/07/2006
0,April Gregory,12124659-K,33,Female,09/12/2008
446,Jeffrey Dawson,20684556-K,50,Female,26/04/2001
214,Sean Davis MD,17216834-0,34,Male,11/03/2014
375,Timothy Santos,6721930-K,77,Female,23/05/2019
721,Monica Malone,19025211-0,31,Male,03/05/2013
682,Ashley Curtis,10886253-0,27,Male,22/10/2000
825,Carol Baker DDS,18267688-K,35,Female,13/09/2008
609,Jennifer Diaz,15620894-K,63,Male,06/05/2011
896,Alexis Murray DVM,19225666-K,44,Male,03/08/2016
215,Jennifer Levy,19117805-0,66,Male,15/03/2000
11,Patricia Rodriguez,20799033-0,41,Female,07/09/2018
351,Sara Morales,6163434-K,74,Male,24/06/2003
356,Louis Santiago,13621705-K,65,Female,19/02/2010
668,Crystal Johnson,13500649-K,77,Female,07/06/2021
139,Pamela Taylor,12776579-K,48,Male,26/08/2011
19,Michael Bryant,19128122-K,70,Male,20/05/2018
172,Jason Brown,16822988-K,31,Male,04/01/2004
428,Alexander Evans,11757014-0,31,Female,03/07/2002
597,Wendy Nichols,7335270-K,56,Male,05/11/2014
41,Tina Cox,12616242-K,72,Female,31/01/2004
31,Erin Snyder,9338634-0,48,Male,02/03/2002
128,Elizabeth Nguyen,13582188-K,65,Male,20/10/2022
747,Christopher Chavez,14620003-0,38,Male,02/02/2005
10,Edward Holmes,17520448-K,50,Female,11/06/2022
525,Cassandra Boyd,14696801-0,59,Female,10/02/2022
630,Melissa Lee,16681730-K,36,Female,05/01/2009
392,Mr. Brian Owens MD,12926056-0,45,Male,15/07/2019
146,Karen Doyle DDS,19200396-0,78,Female,25/09/2006
794,Ashley Mclean,8492538-K,64,Male,05/10/2022
813,Larry Ingram,12190839-0,54,Male,02/09/2007
810,Elizabeth Myers,5037063-K,62,Male,19/07/2006
235,Brian Smith,16432191-0,79,Male,01/08/2005
676,Karen Kramer DVM,16808647-0,40,Male,13/11/2014
564,Julie Pacheco,8591522-K,45,Male,24/02/2016
295,Rebecca Yates,10992371-K,62,Male,02/03/2005
987,Natalie Meadows,16586565-K,55,Male,22/12/2007
413,Catherine Moore,20444179-K,31,Male,08/04/2009
95,Zachary Johnson,17935419-0,33,Female,14/01/2021
634,Tammy Love,13366662-0,44,Female,25/03/2005
690,Donna Gomez,12762799-0,78,Male,23/09/2005
661,Craig Sullivan,11929189-K,67,Male,16/04/2001
720,Virginia Brooks,14879761-K,53,Male,02/07/2006
944,Jason Dickerson,16622150-0,53,Female,11/05/2004
184,Ashley Allen,5102920-0,43,Male,05/06/2012
406,Patricia Wilson,14299350-0,34,Male,08/04/2022
753,Kimberly Stewart,11673014-0,78,Male,19/07/2020
345,Alexandra Casey,18318263-0,65,Male,01/02/2004
95,Zachary Johnson,17935419-0,33,Female,14/01/2021
464,Martha Johnson,17519124-K,78,Male,05/08/2022
456,Jamie Hammond,7177320-K,29,Male,17/04/2006
222,Henry Smith,16001733-0,50,Female,17/10/2003
727,Kevin Marsh Jr.,12810149-K,40,Male,13/02/2012
277,Steve Walker,7193231-0,53,Female,19/12/2022
527,Brenda Thompson,18080562-K,36,Male,24/07/2002
599,Karen Fuentes,10929688-0,78,Female,01/09/2010
229,Emma Reyes,12661632-0,55,Male,03/04/2021
223,Leonard Phillips,19120743-0,59,Male,16/03/2015
588,Katie Smith,12136653-K,42,Male,08/12/2006
868,Terri Mata,12963555-K,52,Female,25/03/2012
389,Tina Williams,12647712-0,43,Male,21/02/2015
807,Raymond Conley,10948513-K,42,Female,27/12/2003
845,Kurt Shaffer,15222215-0,29,Female,06/09/2014
69,Brittany Poole,11761598-K,72,Male,22/12/2019
422,Dakota Wilson,20189351-K,28,Male,17/08/2002
910,Cassie Fischer,11421458-K,28,Female,16/01/2019
61,Jacob Gentry,19764786-0,32,Male,10/04/2020
818,Daniel Smith,17957443-K,36,Male,29/07/2012
924,Justin Chen,10162952-K,56,Female,18/06/2003
756,Daniel Hayes,17666809-K,64,Male,13/11/2019
26,Brad Williams,17993872-0,37,Female,05/03/2016
595,Dr. Claire Lopez,20282425-K,26,Female,27/04/2005
121,Tonya Wilson,14413025-K,76,Female,22/02/2010
315,Jeffrey Riley,9238646-K,44,Male,12/12/2006
261,Stephen Peck,20182214-K,47,Female,13/03/2016
133,Sarah Reynolds,20015626-K,41,Female,23/12/2002
291,Valerie Rhodes,5384451-0,58,Male,30/01/2009
737,Scott Wilson,7491714-K,38,Female,12/11/2000
425,Patricia Gray DVM,13758957-K,72,Female,02/12/2019
40,Crystal Walker,13410114-0,39,Female,18/12/2011
594,Caitlin Martin,13869896-K,47,Female,06/10/2022
434,Betty Allen,13757089-K,53,Female,13/10/2011
550,Gregory Dickson,15463110-0,37,Female,07/07/2006
492,Shelby Morgan,13676253-K,74,Male,22/03/2005
615,Fernando Hernandez,17257400-K,27,Male,23/11/2001
179,Melissa Gonzales,6781199-K,63,Female,22/10/2000
966,James Brown,9042962-K,63,Female,24/06/2009
287,Gabriela Knight,8178816-K,49,Male,29/04/2003
352,Jeffrey Rivera,11083005-K,68,Female,29/08/2007
650,Ashley Molina,5680093-K,67,Female,07/11/2019
606,Jessica Sanchez,17222105-0,80,Female,29/05/2010
894,Christopher Snyder,15731564-0,72,Male,15/02/2011
103,Sharon Bell,11320024-0,78,Female,06/03/2009
276,Rachel Peck,7711867-K,42,Female,09/12/2006
756,Daniel Hayes,17666809-K,64,Male,13/11/2019
305,Andrea Harris,10534877-K,42,Female,13/08/2021
879,Nicole Graham,17023798-0,40,Female,25/12/2021
405,Brianna Baker,5083956-K,44,Male,04/02/2011
52,Vincent Tapia,5301468-0,69,Male,13/06/2021
870,Mitchell Weaver,18738784-0,38,Male,08/10/2010
293,Jacob Hernandez,12925474-K,76,Female,04/03/2012
626,Matthew Zimmerman,15273049-0,33,Male,11/09/2007
670,Jennifer Mcknight,9021017-0,59,Female,13/06/2010
391,Douglas Price,17644992-0,53,Female,03/05/2001
475,Justin Burnett,10222006-0,37,Male,18/12/2020
703,Terry Dennis,10876386-0,45,Male,17/05/2021
29,Andrea Martinez,7055656-K,64,Male,09/08/2006
715,Emily Doyle,8703081-0,51,Female,15/09/2000
55,Kyle Estes,6098456-0,41,Male,11/03/2005
144,Robert Li,14616135-K,32,Male,11/03/2003
362,Paula Wright,12229669-K,30,Female,16/03/2020
403,Alexandra Weaver,12736069-0,30,Female,14/08/2016
788,James Howell,7050891-K,58,Male,13/03/2020
552,Robin Lee,18061213-0,47,Female,05/03/2007
814,Richard Morrison,19608156-0,36,Female,12/05/2007
220,Steven Jackson,7697070-0,59,Female,04/03/2017
639,Stephanie Boone,10438978-K,62,Female,15/12/2020
740,Tyler Shea,19944356-K,36,Female,02/12/2012
946,Matthew Smith,6156167-0,70,Female,10/05/2010
902,John Shields,7281243-0,58,Female,27/01/2016
506,Ashley Jones,12942988-0,51,Female,05/05/2017
679,Jessica Atkinson,15918817-0,36,Female,15/04/2018
732,Amy Silva,14446118-0,25,Male,02/03/2022
636,Carlos Berg MD,14932133-0,59,Female,04/12/2009
901,Shannon Morton,13067137-0,37,Female,28/05/2009
861,James Gilmore,12433940-0,65,Male,06/05/2001
743,Sarah Cruz,8194506-0,65,Male,09/06/2013
732,Amy Silva,14446118-0,25,Male,02/03/2022
773,Stacy Hernandez,17253276-K,53,Male,19/03/2012
489,Sara Mccarthy,13676308-0,61,Female,26/06/2019
851,Christina Foster,17619956-0,33,Male,21/03/2005
376,Brittany Lopez,19191681-0,63,Male,22/09/2003
701,Curtis Bradford,6925368-0,75,Female,11/07/2016
942,Mrs. Heather Lee,5451390-K,61,Male,26/05/2015
791,Kathryn Stanton,19014184-K,62,Male,20/02/2014
797,Richard Walters,10665355-K,50,Female,01/03/2005
203,Kathryn Watson MD,13742896-K,53,Male,30/01/2020
482,James Chang,8831894-K,71,Male,02/03/2011
869,Tamara Doyle,17545772-0,72,Male,25/08/2020
600,Thomas Mcknight,15197412-K,69,Female,26/06/2006
601,Robert Fisher,20524452-0,68,Female,18/03/2004
282,Rebecca Holt,6130840-0,65,Male,21/10/2011
572,Ryan Gordon,6559028-K,27,Female,02/12/2018
782,Mr. Jeffery Francis,16715274-0,39,Male,06/10/2014
934,Nicholas Horton,14725451-K,50,Male,26/05/2002
680,Katherine Diaz,9528330-0,66,Male,29/03/2009
154,Christina Bowen,7736451-0,58,Male,15/12/2003
204,Dr. Ryan Hopkins,15483856-K,47,Female,18/12/2003
307,Justin Baker,9073843-K,28,Male,27/06/2017
100,Robert Mendoza,6326873-0,73,Male,04/01/2012
587,Trevor Boone,7326012-0,72,Male,08/12/2014
476,Kari Wolfe,15336542-0,65,Female,13/08/2001
66,Patrick Bell,9438571-K,35,Male,14/11/2017
320,Steven Sanchez,7986818-K,80,Female,05/12/2020
522,Jesse Smith,15062917-K,80,Male,16/11/2014
878,Sean Willis,7561107-K,26,Male,22/03/2004
553,Adrian Miller,15946593-K,31,Female,30/08/2000
310,Samantha Jimenez,11083794-0,35,Female,27/05/2011
827,Joseph Green,9221665-0,36,Female,15/06/2019
834,Elizabeth Mccormick,12518015-K,61,Male,25/06/2015
162,Cathy Herring,16295659-0,46,Female,10/02/2017
841,Noah Grant,13408911-0,32,Male,31/08/2016
806,Jamie Howard,5209699-K,63,Female,19/01/2015
568,Tanya Singh,15748261-K,36,Female,21/09/2005
127,Angela Collins,8762355-K,31,Female,26/08/2005
42,Kimberly Lee,10844937-0,29,Male,02/08/2020
330,Elizabeth Campbell,14337324-K,62,Male,02/02/2010
390,Rebecca Martinez DVM,7359814-0,80,Female,13/02/2017
619,Peter Cardenas,5781686-K,46,Female,02/03/2009
578,Casey Mcclure,8487286-K,73,Male,20/12/2009
312,Andrew Miller,18523082-K,53,Female,17/11/2005
383,Laura Bryan,18046795-K,36,Female,25/10/2001
515,Kimberly Tran,5896101-0,29,Female,02/08/2007
469,Jonathan Villa,8599316-0,58,Male,31/05/2020
20,James Johnson,12409262-K,38,Female,21/05/2001
639,Stephanie Boone,10438978-K,62,Female,15/12/2020
640,John Rodriguez,11618962-0,53,Female,25/02/2011
485,Cheryl Allen,11133042-K,55,Female,04/09/2004
991,Jessica Smith,19749446-0,70,Male,04/04/2008
689,John Archer,15186908-0,80,Male,04/07/2010
440,Lisa Hoffman,14113202-K,70,Male,10/04/2002
938,Nicole Combs,15815325-0,76,Male,12/12/2002
324,Linda Hurley,9625832-K,54,Female,13/06/2003
801,Nathan Baker,18716510-K,47,Male,07/08/2018
852,Steve Davidson,13104305-0,33,Male,09/10/2007
607,Brian Green,15219544-0,67,Female,13/01/2005
57,Patricia Bradley,17834704-0,39,Male,21/10/2011
355,Tracy Cox,16783842-K,27,Male,10/11/2017
403,Alexandra Weaver,12736069-0,30,Female,14/08/2016
42,Kimberly Lee,10844937-0,29,Male,02/08/2020
504,Caitlin Harris,15437358-0,63,Female,28/10/2015
533,Chad Davis,12949775-K,30,Male,06/06/2006
781,Terri Patterson,16507936-0,39,Female,09/12/2007
237,Lisa Gardner,20790239-0,68,Female,18/06/2015
669,Christina Hampton,9036201-K,67,Male,24/06/2002
275,Dennis Mayer,6864260-K,38,Male,16/07/2002
253,Hannah Bennett,14951290-K,39,Female,19/05/2002
263,Diane Koch,15818376-K,76,Male,06/07/2000
442,Patrick Solomon,12850283-K,59,Female,04/12/2002
150,David Charles,16290566-0,58,Male,10/11/2018
120,John Todd,9873541-0,43,Female,05/10/2005
468,John Bowers,10101579-K,33,Female,04/10/2015
396,Lisa Ortiz,11604177-0,56,Female,17/09/2011
311,Eric Nolan,7988400-0,78,Female,08/11/2009
876,Dr. Omar Warren MD,10983906-K,77,Male,24/06/2005
36,Jeffrey Patel,7608502-0,39,Female,07/12/2015
47,Lisa Duncan,14769510-K,31,Female,08/09/2018
571,Laurie Owen,5247370-K,62,Female,18/05/2000
442,Patrick Solomon,12850283-K,59,Female,04/12/2002
357,Paul Trujillo,12300704-K,65,Female,13/08/2018
834,Elizabeth Mccormick,12518015-K,61,Male,25/06/2015
880,Lori Morris,11080845-0,39,Female,19/01/2001
580,Robert Goodwin,6227627-K,64,Female,23/11/2003
316,Maxwell Wilson,16359172-K,26,Male,21/11/2021
592,Connie Alvarez,12999026-0,65,Female,20/04/2016
723,Christopher Wagner,8473592-K,54,Female,24/02/2016
829,Jennifer Stone,10392030-K,43,Male,09/10/2011
20,James Johnson,12409262-K,38,Female,21/05/2001
676,Karen Kramer DVM,16808647-0,40,Male,13/11/2014
83,Jeremy Lawrence,7314856-K,47,Female,26/10/2016
594,Caitlin Martin,13869896-K,47,Female,06/10/2022
25,Allen Velez,17430773-0,39,Male,30/06/2004
989,Brian Parrish,10216650-0,52,Male,25/04/2016
501,Robert Fox,9049700-0,36,Female,28/10/2013
237,Lisa Gardner,20790239-0,68,Female,18/06/2015
616,Gabriella Delgado,12338739-K,80,Male,28/09/2001
466,William Wilson,13868850-0,51,Female,02/10/2003
501,Robert Fox,9049700-0,36,Female,28/10/2013
480,Paul Johnson,11918230-K,27,Female,09/07/2006
675,Nancy Lee,9712031-K,64,Female,01/09/2019
821,Jacob York,11167770-0,48,Male,08/05/2013
979,Christine Garcia,20630706-K,69,Female,09/09/2016
68,Dawn Sosa,13393483-0,28,Male,21/06/2022
108,Jessica Lang,8627721-0,26,Female,28/12/2007
795,Ariel Zimmerman,5963426-0,66,Male,04/09/2000
247,Hunter Allen,7573570-K,62,Male,10/01/2015
968,Dalton Fox,5137342-K,70,Female,30/04/2002
426,Nathan Powell,14759333-0,54,Male,12/08/2000
21,Misty Lee,18852303-0,70,Female,16/03/2001
251,Shawn Taylor,5653018-K,36,Female,30/12/2002
673,Joshua Christian,15842717-K,57,Female,14/02/2009
197,Shane Aguilar,9716251-K,43,Female,04/09/2011
244,Thomas Harrell,10599280-K,41,Female,30/08/2001
981,Jennifer Cordova,17664526-K,61,Female,26/12/2016
706,April Freeman,12209910-0,72,Female,27/08/2007
301,Debra King,17832095-0,80,Female,16/07/2000
949,David Miller,7500550-K,76,Male,06/06/2010
734,Jose Herrera,18278529-0,63,Female,02/09/2022
192,David Gibson,8433994-0,27,Male,03/06/2012
71,Courtney Lee,17799588-K,68,Male,15/01/2020
145,Jennifer Dickson,18095687-K,66,Male,17/11/2011
631,Erin Mills,15885250-0,38,Female,22/05/2016
555,Jeffery Little,5849924-0,72,Male,29/12/2011
429,Jamie Butler,16275340-0,41,Male,04/12/2011
653,Deborah Parsons,11225967-0,60,Male,05/06/2022
521,Stephen Pearson,13021920-K,29,Male,20/10/2011
878,Sean Willis,7561107-K,26,Male,22/03/2004
400,Michael Mendoza,13396474-0,26,Male,02/08/2002
229,Emma Reyes,12661632-0,55,Male,03/04/2021
699,Sharon Butler,6498809-0,71,Female,08/07/2002
313,Corey Neal Jr.,19579433-K,65,Female,13/01/2008
512,Jasmine Valenzuela,17952828-0,39,Female,06/05/2018
543,Mitchell Peterson,13881147-K,41,Male,09/09/2014
955,Shawn Page,9710965-0,39,Female,10/01/2006
789,Michelle Davis,12959324-K,40,Female,24/07/2002
669,Christina Hampton,9036201-K,67,Male,24/06/2002
417,Chris Garcia,11483262-0,38,Male,13/05/2016
685,Courtney Brewer,17881618-0,47,Female,28/06/2002
985,Eric Garcia,19833397-K,39,Male,03/02/2006
70,Susan Edwards,16453073-K,30,Male,17/07/2006
842,George Walker,17738247-K,39,Female,02/06/2015
589,Cody Leblanc,7987922-0,71,Female,14/05/2020
317,Susan Thompson,20800933-0,78,Female,17/02/2002
75,Andrew Avila,19952799-K,32,Male,15/08/2016
322,Angel Bradley,18534367-0,40,Male,11/10/2010
424,Dean Reed,19858684-0,52,Female,13/04/2019
542,Krista Harrell,9305300-0,68,Male,28/06/2015
856,Cynthia Mcdonald,15497036-K,76,Male,05/06/2018
536,Jesus Harris,8599109-K,42,Male,14/12/2001
867,Belinda Houston,6554970-K,34,Female,10/01/2008
35,Joshua Freeman,18598728-K,65,Female,01/08/2021
92,Shelley Clark,14008311-0,72,Male,13/06/2010
937,Melissa Wang,19119538-K,70,Female,02/07/2000
505,Heidi Morse,7787314-K,33,Female,11/12/2012
303,Joseph Larson,17656112-K,38,Female,22/07/2020
213,Wayne Jones,5269825-0,42,Female,14/01/2020
211,Christy Chavez,8415045-K,69,Female,09/08/2016
392,Mr. Brian Owens MD,12926056-0,45,Male,15/07/2019
951,Ryan Cox,10039790-0,32,Male,16/08/2007
751,Elizabeth Cline,9932964-K,50,Female,29/08/2015
828,Lisa Glenn,19243011-0,27,Female,12/08/2001
298,Garrett Diaz,8534717-0,34,Female,17/08/2019
641,Debra Green,6692439-K,53,Female,11/08/2017
64,William Pratt,8982172-0,67,Female,29/01/2006
348,Brent Cox,18285581-K,36,Male,20/01/2016
491,Jessica Cox,10780054-K,36,Female,03/01/2021
921,Steven Logan,17927917-0,39,Male,27/12/2019
49,Brianna Foster,10615428-0,76,Female,14/04/2019
187,Mary Winters,11251042-K,52,Male,24/12/2003
716,Matthew Jimenez,11251836-0,35,Female,02/10/2001
415,Herbert Mullen,19775867-K,30,Male,22/04/2007
268,Mr. Victor Pratt,7413518-0,40,Male,07/07/2022
438,Jonathan Norman,13311454-K,45,Female,20/04/2014
181,Susan Hunt,17851588-K,37,Male,18/08/2002
98,Reginald Harris,7781452-K,41,Female,05/05/2005
23,Matthew Evans,17906172-K,39,Female,10/02/2003
375,Timothy Santos,6721930-K,77,Female,23/05/2019
353,Natalie Carpenter,7845542-0,42,Female,19/01/2020
709,Julie French,14762999-0,43,Female,15/12/2011
38,Luke Mitchell,6688487-K,43,Male,02/12/2014
622,Jeffrey Bowen,13543600-0,41,Male,27/01/2007
433,James Watson,12916807-0,58,Male,10/06/2017
666,Alicia Roy,20668981-K,50,Female,11/07/2022
399,Logan Mason,14712930-K,47,Female,10/02/2011
123,Deborah Mayer,9928289-K,64,Male,17/11/2015
986,Victoria Villarreal,9752195-0,31,Male,04/04/2007
833,James Walters,11023447-0,73,Female,26/05/2022
707,Samantha Andrews,17924534-0,59,Female,31/08/2022
781,Terri Patterson,16507936-0,39,Female,09/12/2007
302,Katherine Ramos,17277217-K,78,Male,20/01/2022
350,Alec Clark,16036563-0,57,Female,15/05/2006
978,Martha Griffin,14328861-K,50,Male,17/01/2012
551,Charles Berg,18007773-0,43,Male,22/09/2022
581,Vernon Gray,11679685-K,78,Female,02/07/2021
953,Andrew Barnes,11587998-0,26,Female,10/10/2022
737,Scott Wilson,7491714-K,38,Female,12/11/2000
995,Heather Bailey,19569035-K,59,Male,25/09/2006
539,Carrie Price,9797828-K,34,Male,18/01/2013
650,Ashley Molina,5680093-K,67,Female,07/11/2019
244,Thomas Harrell,10599280-K,41,Female,30/08/2001
228,Charles Bryant,14766819-0,54,Male,18/01/2010
286,William Holland,9718394-K,35,Female,13/10/2000
297,Thomas Garcia,19602887-0,58,Male,20/05/2012
185,Victor Johnson,15688061-K,71,Male,17/08/2007
770,Joshua Short,6278021-0,43,Female,17/10/2003
871,Joy Molina,10854653-K,61,Female,21/11/2008
331,Brian Anderson,16362580-0,48,Female,15/02/2019
662,Christopher Moore,18034963-K,64,Male,29/07/2021
767,Brian Wilson,18194955-K,46,Female,18/05/2015
775,Amanda Tran,13363803-0,38,Female,11/07/2000
189,Jeffrey Perry,6043528-K,59,Male,09/03/2014
169,Katrina Nunez,11713516-0,37,Male,23/07/2002
138,Rhonda Simpson,5475675-0,79,Male,05/10/2019
204,Dr. Ryan Hopkins,15483856-K,47,Female,18/12/2003
58,Holly Goodwin,7369925-0,74,Female,18/05/2005
911,Jamie Fletcher,19176905-0,60,Male,10/11/2004
196,Thomas May,9458190-K,40,Female,15/07/2001
395,Sarah Jones,13164718-0,37,Female,23/10/2013
730,Cynthia Bryant,18826166-0,65,Female,27/05/2013
387,Benjamin Bryant,8795444-K,58,Male,25/02/2013
73,Christopher Campbell,16386573-K,77,Male,03/12/2015
569,Thomas Rivera,18490637-0,54,Male,19/12/2012
394,Jose Miller,7050030-K,71,Male,17/04/2000
412,Diana Carroll,9069690-0,52,Male,25/01/2020
481,Brandon Porter,19600846-K,52,Female,08/07/2020
135,Mr. David Ross,8771079-0,73,Male,07/01/2014
72,Lisa Allen,11659189-0,27,Male,22/09/2000
364,Renee Dominguez,20681009-K,51,Male,03/01/2016
50,Brandon Wilkinson,8014932-0,71,Male,14/07/2013
832,Michael Campbell,14096778-0,47,Female,19/01/2015
610,Michelle Wilson,8321479-K,54,Male,31/10/2011
79,Karen Santos,9309986-0,46,Female,19/05/2004
67,Christian Villarreal,17049452-K,54,Female,03/09/2003
663,Joel Castillo,5874472-K,36,Male,27/04/2019
255,Stephanie Beasley,19863193-0,31,Female,03/09/2011
31,Erin Snyder,9338634-0,48,Male,02/03/2002
309,Cathy Moore,14977852-K,80,Female,01/08/2014
745,Mr. Keith Carlson,5370917-K,42,Female,26/07/2005
147,Jason Wallace DDS,5230639-K,58,Female,18/06/2002
591,Julie Brown,6534671-0,26,Male,22/01/2022
460,Amber Bowen,7920377-0,63,Male,25/10/2009
656,Nathan Paul,12798555-K,28,Female,07/10/2000
585,Kelly Stephens,6195297-K,50,Female,19/12/2021
509,Victoria Adams,19852306-K,37,Female,11/03/2000
836,Lisa Jones,16597413-K,80,Male,18/01/2006
538,Joshua Ferguson,18724030-0,76,Male,18/09/2004
371,Anita Vazquez,20891729-K,68,Female,03/04/2020
313,Corey Neal Jr.,19579433-K,65,Female,13/01/2008
218,Mr. Timothy Harding,5480349-0,58,Female,11/10/2007
8,Cody Lester,12154314-K,25,Female,06/04/2019
764,Christopher Cook,14096643-0,28,Male,31/12/2019
784,Willie Long,16117141-K,72,Female,04/06/2018
723,Christopher Wagner,8473592-K,54,Female,24/02/2016
247,Hunter Allen,7573570-K,62,Male,10/01/2015
667,Randy Turner,11256308-K,47,Female,21/12/2009
283,Antonio Collins,13553910-0,42,Male,13/02/2001
322,Angel Bradley,18534367-0,40,Male,11/10/2010
671,Jose Lee,20703632-0,26,Male,16/05/2005
99,Ana Watson,14210132-K,48,Male,07/01/2011
193,Philip Quinn,17465059-0,59,Male,12/03/2012
598,William Taylor,7026005-K,45,Female,04/07/2008
503,Christopher Jennings,10470611-K,65,Female,02/06/2013
525,Cassandra Boyd,14696801-0,59,Female,10/02/2022
383,Laura Bryan,18046795-K,36,Female,25/10/2001
156,Ann Matthews,20292300-0,75,Female,10/12/2009
832,Michael Campbell,14096778-0,47,Female,19/01/2015
226,Veronica Evans,5092629-0,45,Female,13/12/2000
683,Jade Butler,15469576-K,56,Male,05/08/2001
665,Andrew Murray,8306761-K,26,Female,22/11/2002
370,Maureen Sosa,8072908-0,53,Male,22/06/2019
123,Deborah Mayer,9928289-K,64,Male,17/11/2015
485,Cheryl Allen,11133042-K,55,Female,04/09/2004
268,Mr. Victor Pratt,7413518-0,40,Male,07/07/2022
135,Mr. David Ross,8771079-0,73,Male,07/01/2014
113,Jimmy Smith,15880550-0,69,Female,03/12/2017
932,Nancy Davis,20247823-K,46,Male,25/09/2009
216,Roberto Evans,7265460-0,67,Female,11/01/2003
177,Brian Reed,11285357-0,30,Male,09/07/2012
424,Dean Reed,19858684-0,52,Female,13/04/2019
848,Diamond Newton,18005111-K,42,Female,25/06/2018
680,Katherine Diaz,9528330-0,66,Male,29/03/2009
5,Sarah Bradley,6680013-K,38,Female,12/12/2009
443,Elizabeth Simmons,6431203-K,80,Male,18/11/2005
202,Jessica Lopez,18857125-K,58,Female,10/02/2008
346,Susan Long MD,19345868-0,48,Male,15/11/2014
826,Caitlyn Ortega,17015382-K,34,Male,29/07/2007
450,Heather Smith,9769315-0,51,Male,05/06/2002
890,Brittany Carter,13272521-0,72,Female,05/11/2020
825,Carol Baker DDS,18267688-K,35,Female,13/09/2008
783,Elizabeth Johnson,12216457-K,44,Female,31/07/2017
140,Debra Vasquez,18046167-0,27,Male,02/05/2016
113,Jimmy Smith,15880550-0,69,Female,03/12/2017
92,Shelley Clark,14008311-0,72,Male,13/06/2010
340,Eric Nelson,9922153-K,60,Male,05/12/2001
341,Tiffany Johnson,12570303-0,54,Male,23/11/2006
997,Thomas Russell,19273668-0,31,Male,09/09/2015
161,Andrea Garcia,15221616-K,48,Female,01/06/2012
436,Nicole Wilson,9095383-0,45,Female,19/07/2022
521,Stephen Pearson,13021920-K,29,Male,20/10/2011
441,Christopher Lara,19149717-0,66,Male,28/09/2005
474,Kelli Stephenson,6904320-K,48,Female,13/02/2022
344,Adam Elliott,16106889-0,69,Male,17/01/2009
249,Miguel Lloyd,13742969-0,53,Female,28/12/2007
72,Lisa Allen,11659189-0,27,Male,22/09/2000
637,Noah Cardenas,14890684-0,39,Female,29/06/2015
584,Travis Welch,18816500-0,56,Male,28/01/2001
866,Duane Gilbert,6860973-0,33,Male,23/11/2018
708,Robert Richardson,11870422-K,75,Male,06/01/2014
746,Victoria Cole,5597571-0,79,Male,06/10/2020
715,Emily Doyle,8703081-0,51,Female,15/09/2000
559,Rachael Stark,20214354-0,62,Female,20/06/2001
481,Brandon Porter,19600846-K,52,Female,08/07/2020
63,Darren Ward,13670872-0,46,Female,30/07/2021
847,Michael Byrd,8301213-K,47,Male,29/01/2005
73,Christopher Campbell,16386573-K,77,Male,03/12/2015
122,Lacey Davenport,6677335-0,60,Male,09/08/2002
752,Theresa Flores,13709306-K,36,Male,30/04/2013
428,Alexander Evans,11757014-0,31,Female,03/07/2002
378,Brett Jenkins,8356522-K,29,Female,08/08/2013
249,Miguel Lloyd,13742969-0,53,Female,28/12/2007
422,Dakota Wilson,20189351-K,28,Male,17/08/2002
81,Crystal Myers,8724045-K,59,Male,08/02/2010
816,Jennifer Wood,11287954-K,35,Female,10/11/2003
167,Patrick Ramirez,9995337-0,34,Male,08/02/2003
258,Bryan Conley,18515974-K,61,Female,28/06/2004
78,Martin Zimmerman,17875488-K,49,Female,08/04/2013
516,Alex Taylor,8756579-K,80,Male,27/01/2001
849,Robert Williams,12108782-K,41,Female,17/01/2003
464,Martha Johnson,17519124-K,78,Male,05/08/2022
173,Christina Cochran,7464362-0,30,Male,08/12/2018
260,Veronica Arroyo,14681878-0,55,Male,03/01/2014
285,Chad Harris,19468154-0,43,Male,23/11/2010
866,Duane Gilbert,6860973-0,33,Male,23/11/2018
671,Jose Lee,20703632-0,26,Male,16/05/2005
388,Joanna Rollins,5549271-0,47,Female,20/06/2013
285,Chad Harris,19468154-0,43,Male,23/11/2010
581,Vernon Gray,11679685-K,78,Female,02/07/2021
155,Patricia Evans,7416964-0,58,Male,25/11/2004
793,Brenda King,14180688-K,38,Female,11/02/2018
308,Anne Hunter,12848586-0,40,Female,29/08/2010
891,Sean Bennett,13996564-K,25,Female,14/03/2008
49,Brianna Foster,10615428-0,76,Female,14/04/2019
288,Phyllis Nunez,11572348-0,32,Female,06/02/2009
644,Troy Wiley,11855791-0,44,Male,20/03/2000
146,Karen Doyle DDS,19200396-0,78,Female,25/09/2006
151,Joshua Le,7142183-0,53,Female,08/12/2017
151,Joshua Le,7142183-0,53,Female,08/12/2017
666,Alicia Roy,20668981-K,50,Female,11/07/2022
335,Jason Anderson,14124490-K,72,Female,20/01/2022
570,Samantha Perez,18691569-0,51,Male,29/05/2001
667,Randy Turner,11256308-K,47,Female,21/12/2009
126,Juan Kennedy,10255564-0,36,Female,19/12/2019
664,Stephen Smith,5599766-K,47,Male,02/01/2017
289,Mark Francis,11241252-0,46,Female,25/06/2015
118,Lori Young,10465519-0,62,Male,06/01/2001
418,David Green,20107467-0,38,Male,23/03/2000
183,David Zamora,10394898-0,49,Female,08/03/2011
18,Jared Perkins,7620753-K,32,Male,21/01/2005
399,Logan Mason,14712930-K,47,Female,10/02/2011
243,David Lowe,16346846-K,46,Female,19/01/2001
184,Ashley Allen,5102920-0,43,Male,05/06/2012
755,Joshua Miller,15952688-0,47,Male,25/03/2005
535,Kevin Nguyen,11455213-K,72,Male,28/12/2012
576,Michael Herrera,8658367-0,66,Male,29/10/2012
253,Hannah Bennett,14951290-K,39,Female,19/05/2002
163,James Larson,7279606-K,25,Female,22/12/2001
421,Alyssa Gibson,13056356-K,58,Male,27/01/2002
402,Monica Spears,10903842-0,31,Male,18/12/2022
775,Amanda Tran,13363803-0,38,Female,11/07/2000
251,Shawn Taylor,5653018-K,36,Female,30/12/2002
710,Julie Little,20414913-0,35,Female,31/08/2001
585,Kelly Stephens,6195297-K,50,Female,19/12/2021
206,Kelly Butler,16700403-0,52,Female,10/09/2000
334,Zachary Smith,19229182-K,42,Female,26/01/2022
410,Lori Miller,5964329-K,28,Male,10/04/2020
786,Ryan Myers,11070277-0,25,Female,04/08/2013
404,Zachary Montoya,13257238-0,38,Female,06/10/2000
419,Laura Barnett,15395237-0,48,Female,04/06/2006
274,Danielle Navarro,7512451-K,31,Male,27/07/2006
534,Tracy Smith,7357312-0,56,Male,04/09/2017
823,Adam Hayes,20825717-0,65,Female,25/03/2021
194,Jesse Perez,19195594-K,73,Male,06/04/2007
884,Gabriel Lane,14701250-K,54,Female,07/01/2020
9,Tracy Morrison,13022707-K,30,Female,15/10/2022
15,William Rodriguez,10807920-0,48,Female,30/12/2008
153,Caroline Williams,20263948-K,39,Female,18/10/2007
638,Devin Mcdaniel,17440525-K,57,Male,27/05/2021
917,Michael Edwards,9897295-0,32,Male,10/05/2004
364,Renee Dominguez,20681009-K,51,Male,03/01/2016
292,James Davis,8070884-K,72,Male,09/09/2010
696,Alexa Powell,10685251-0,48,Female,20/03/2003
417,Chris Garcia,11483262-0,38,Male,13/05/2016
513,Laura Mitchell,14888448-K,47,Female,19/08/2022
440,Lisa Hoffman,14113202-K,70,Male,10/04/2002
960,Joel Miller,15623176-K,50,Female,25/05/2009
941,Taylor Johnson,19426810-0,77,Female,24/04/2010
467,Julie Wilson,9562839-0,31,Female,31/10/2022
712,Tracy Robles,9683105-K,59,Male,01/12/2002
842,George Walker,17738247-K,39,Female,02/06/2015
200,Jennifer Wright,8138255-0,41,Male,22/07/2004
299,Eric Thomas,12837445-0,53,Female,04/04/2018
716,Matthew Jimenez,11251836-0,35,Female,02/10/2001
224,Richard Soto,14934475-0,76,Female,19/02/2012
306,Janet Michael,8385235-0,31,Female,19/09/2003
9,Tracy Morrison,13022707-K,30,Female,15/10/2022
438,Jonathan Norman,13311454-K,45,Female,20/04/2014
110,Thomas Pearson,6170323-0,66,Male,12/10/2008
770,Joshua Short,6278021-0,43,Female,17/10/2003
625,Edgar Franklin,17072098-0,74,Male,16/02/2001
87,Jessica Martinez PhD,11478055-0,49,Female,17/09/2020
818,Daniel Smith,17957443-K,36,Male,29/07/2012
222,Henry Smith,16001733-0,50,Female,17/10/2003
230,Jared Wright,14356269-0,68,Male,19/05/2006
401,Matthew Noble,19890115-0,37,Female,20/02/2012
336,Joseph Molina,15327679-K,29,Male,12/07/2019
272,Kimberly Hall MD,17962497-K,76,Male,12/06/2014
408,Mrs. Nicole Turner,16474184-0,69,Female,16/06/2017
657,Lori Reyes,20913571-K,59,Female,29/01/2016
806,Jamie Howard,5209699-K,63,Female,19/01/2015
449,Mark Cardenas,10282808-0,68,Male,06/07/2017
707,Samantha Andrews,17924534-0,59,Female,31/08/2022
643,Reginald Robertson,14072708-K,76,Female,13/10/2017
542,Krista Harrell,9305300-0,68,Male,28/06/2015
700,Troy Proctor,5385558-0,74,Female,16/06/2015
605,Brandon Olsen,18833116-K,36,Female,04/06/2001
89,Michael Burnett,14500456-0,54,Male,12/05/2011
170,Sandra Flores,14928135-0,59,Female,16/02/2013
710,Julie Little,20414913-0,35,Female,31/08/2001
503,Christopher Jennings,10470611-K,65,Female,02/06/2013
668,Crystal Johnson,13500649-K,77,Female,07/06/2021
43,Gabriel Walker,20325395-0,29,Male,09/01/2017
835,Lynn Brown,9516543-0,64,Male,21/08/2001
783,Elizabeth Johnson,12216457-K,44,Female,31/07/2017
7,Tracy Vargas,7059485-K,72,Female,26/10/2014
514,Bryan Stewart,18888657-0,76,Female,21/01/2017
877,Joshua Young Jr.,9864764-K,28,Female,13/11/2007
742,Pamela Camacho,16736488-0,27,Female,01/11/2005
532,Thomas Rose,18372611-K,80,Female,14/12/2009
263,Diane Koch,15818376-K,76,Male,06/07/2000
22,Zachary Marsh,20362498-K,32,Male,04/02/2010
854,Lauren Sullivan,17216645-K,64,Male,02/07/2013
904,Beverly Anderson,14372260-0,46,Female,17/06/2010
234,Mike Jones,9177136-0,35,Male,02/01/2014
409,Christie Farmer,8748808-K,73,Male,02/03/2016
235,Brian Smith,16432191-0,79,Male,01/08/2005
188,Jason Mclean,9207429-K,73,Female,20/07/2018
678,Cindy Fisher,7358119-0,52,Female,15/03/2018
337,Charlene Cruz,18071483-0,45,Female,27/03/2022
46,Jacob Miller,17856172-K,76,Female,07/08/2000
147,Jason Wallace DDS,5230639-K,58,Female,18/06/2002
831,Chelsea Castaneda,17208739-0,60,Female,12/07/2020
660,David Sharp,11920693-K,59,Female,19/04/2013
886,Kaylee Freeman,8410554-K,45,Male,18/10/2020
60,Vicki Jordan,20759590-K,42,Male,06/03/2006
681,Rhonda Stevenson,14312329-K,30,Male,10/12/2013
220,Steven Jackson,7697070-0,59,Female,04/03/2017
190,Catherine Walters,10590258-K,28,Male,15/03/2017
130,Kristina Martinez,6528430-0,58,Male,17/07/2013
604,Robin Hale,6166851-0,59,Male,06/07/2016
377,William Goodman PhD,9358853-0,55,Male,16/11/2008
958,Richard Schneider,7940337-0,48,Male,31/03/2002
94,Amy Morrison,11975346-K,31,Male,19/02/2015
478,Susan Mcdonald,11244391-K,41,Male,05/05/2019
378,Brett Jenkins,8356522-K,29,Female,08/08/2013
318,Amanda Vargas,9460399-0,56,Female,11/08/2001
198,Jessica Franklin,8394334-K,30,Female,20/06/2004
687,April Mills,20483508-K,74,Male,15/06/2014
444,Rebecca Massey,10513056-K,56,Female,04/02/2005
36,Jeffrey Patel,7608502-0,39,Female,07/12/2015
246,Mary Duncan,11240526-0,61,Female,26/11/2010
873,Daniel Bush,8798154-K,58,Male,07/07/2014
635,Melissa Roberts,12682128-K,42,Male,10/08/2001
686,Yolanda Moore,20938890-K,73,Male,22/02/2020
27,Jennifer Pennington,13208639-K,77,Female,13/11/2000
218,Mr. Timothy Harding,5480349-0,58,Female,11/10/2007
124,Troy Bates,10069220-0,39,Female,17/01/2013
920,Alicia Griffith,15909003-0,39,Female,01/05/2007
800,Stephen Washington,7437587-0,42,Female,25/05/2022
637,Noah Cardenas,14890684-0,39,Female,29/06/2015
2,David Miller,19060824-K,61,Male,15/09/2012
558,Erica Nichols,10706510-K,58,Female,28/12/2005
835,Lynn Brown,9516543-0,64,Male,21/08/2001
445,Jennifer Richmond,13434163-K,73,Female,01/10/2016
559,Rachael Stark,20214354-0,62,Female,20/06/2001
301,Debra King,17832095-0,80,Female,16/07/2000
165,Brandy Ferguson,7698935-0,30,Male,22/12/2020
612,Robert Harrison,9536753-K,47,Male,04/05/2022
186,Elizabeth Bolton,7260265-K,43,Male,20/11/2012
645,Darren Zamora,10887729-K,54,Female,21/12/2002
596,Mrs. Brandi Padilla,10491449-0,66,Female,05/01/2004
384,Kevin Adams,17341048-0,35,Female,08/09/2006
757,Debra Palmer,6280764-0,61,Male,02/12/2022
64,William Pratt,8982172-0,67,Female,29/01/2006
516,Alex Taylor,8756579-K,80,Male,27/01/2001
523,Kimberly Lindsey,20999907-0,62,Female,12/03/2017
856,Cynthia Mcdonald,15497036-K,76,Male,05/06/2018
380,Johnathan Arnold,17181086-K,75,Male,03/01/2001
325,Laura Reid,6864289-0,33,Female,19/10/2021
566,Cynthia Miller,8114727-0,75,Female,18/11/2015
187,Mary Winters,11251042-K,52,Male,24/12/2003
33,Gerald Norton,7898340-0,59,Female,04/11/2020
693,Nicole Gay,14293018-0,75,Female,29/08/2004
872,Lisa Fitzgerald,9300994-K,49,Male,28/08/2000
252,Katherine Phillips,14739622-0,65,Female,13/12/2010
782,Mr. Jeffery Francis,16715274-0,39,Male,06/10/2014
749,Angela Harris,7855942-K,44,Female,28/01/2006
638,Devin Mcdaniel,17440525-K,57,Male,27/05/2021
576,Michael Herrera,8658367-0,66,Male,29/10/2012
148,Dean Bruce,12247929-0,51,Female,24/05/2002
898,Juan Costa,9385153-0,75,Male,02/12/2019
845,Kurt Shaffer,15222215-0,29,Female,06/09/2014
905,Grace Fletcher,20728056-K,42,Female,28/05/2002
190,Catherine Walters,10590258-K,28,Male,15/03/2017
53,David Hernandez,9718317-0,46,Female,28/07/2021
898,Juan Costa,9385153-0,75,Male,02/12/2019
897,Andrew Callahan,15201077-K,37,Male,04/09/2021
486,Jordan Murphy,20231249-K,65,Female,03/11/2016
591,Julie Brown,6534671-0,26,Male,22/01/2022
77,Jonathan Roy,17816368-0,40,Male,04/06/2001
59,Jennifer Walters,11858942-K,46,Female,03/08/2013
608,Sabrina Lamb,6206152-0,66,Male,30/10/2015
908,John Saunders,20816828-K,72,Female,21/03/2006
893,Jessica Escobar,9169690-0,72,Male,31/10/2011
511,Daniel Chavez,20024243-K,74,Female,23/05/2015
4,Matthew Harris,18601007-0,68,Male,22/05/2000
602,Alexis Cooper,5288385-K,68,Female,04/07/2015
867,Belinda Houston,6554970-K,34,Female,10/01/2008
888,Sarah Hickman,11022596-K,53,Male,19/11/2001
173,Christina Cochran,7464362-0,30,Male,08/12/2018
579,Timothy Harris,13264501-K,49,Female,01/12/2002
589,Cody Leblanc,7987922-0,71,Female,14/05/2020
621,Adrienne Smith,13359480-K,57,Male,13/08/2001
821,Jacob York,11167770-0,48,Male,08/05/2013
446,Jeffrey Dawson,20684556-K,50,Female,26/04/2001
574,Kelsey Benjamin,20756614-0,48,Male,18/11/2015
13,Antonio Camacho,8931159-K,56,Female,01/03/2016
84,Jillian Perry,6985657-K,53,Male,10/09/2018
746,Victoria Cole,5597571-0,79,Male,06/10/2020
798,Douglas Brown,13794813-K,57,Female,04/11/2003
299,Eric Thomas,12837445-0,53,Female,04/04/2018
973,Eric Sutton,5110604-0,64,Male,29/04/2021
321,Cody Webb,5849109-K,43,Male,10/01/2009
254,Joseph Mcintyre,19853248-K,43,Male,17/10/2013
90,Tyler Gomez,10324025-K,27,Male,23/02/2012
498,Amy Oconnell,16939615-0,79,Female,26/09/2013
273,Laurie Garcia,11226031-K,34,Male,22/03/2020
627,Holly Elliott,9856379-K,51,Male,30/04/2018
427,Taylor Robertson,8638512-0,67,Female,28/05/2011
628,Robert Sawyer,19456317-K,68,Female,22/10/2012
341,Tiffany Johnson,12570303-0,54,Male,23/11/2006
294,Kristen Green,18980855-K,27,Male,20/06/2018
174,Pamela Fields,18046237-K,27,Male,07/12/2009
719,Mark Herrera,12261963-0,49,Female,26/11/2019
801,Nathan Baker,18716510-K,47,Male,07/08/2018
809,Michael George,9018210-K,62,Female,25/02/2010
326,Allen Stanley,18764856-0,46,Male,31/03/2010
587,Trevor Boone,7326012-0,72,Male,08/12/2014
655,Adam Moore,12212897-0,58,Female,10/09/2007
112,Rebecca Myers,20845866-0,33,Male,26/09/2000
909,John Jennings,7331865-0,70,Female,26/05/2005
939,Stephen Bowen,15557175-K,50,Male,28/07/2014
408,Mrs. Nicole Turner,16474184-0,69,Female,16/06/2017
328,Kyle Fox,15300080-K,48,Male,11/12/2022
857,Anthony Wood,14227211-0,41,Female,17/12/2001
398,Kathy Knight,13285047-0,27,Female,26/05/2022
264,Cristian Vargas,5392712-0,62,Female,29/11/2022
203,Kathryn Watson MD,13742896-K,53,Male,30/01/2020
549,Terry Scott,14075421-K,45,Female,29/03/2005
900,Maria Whitney,16169249-0,66,Male,08/04/2006
48,Michael Simon,13833588-0,61,Female,05/04/2017
363,Heidi Hawkins,19467125-0,55,Male,06/10/2008
523,Kimberly Lindsey,20999907-0,62,Female,12/03/2017
274,Danielle Navarro,7512451-K,31,Male,27/07/2006
369,Jessica Velazquez,19001010-K,52,Female,13/05/2019
836,Lisa Jones,16597413-K,80,Male,18/01/2006
758,Eric Le,13805602-K,44,Female,29/07/2022
28,Debra Cooper,6304866-K,37,Female,17/11/2010
565,Sherry Gonzales,20417886-K,54,Female,01/10/2009
479,Annette Johnson,19968144-0,28,Female,14/03/2010
788,James Howell,7050891-K,58,Male,13/03/2020
785,Daniel Lindsey,6777677-0,71,Male,02/06/2009
646,Sarah Gardner,18788917-K,55,Female,11/09/2015
254,Joseph Mcintyre,19853248-K,43,Male,17/10/2013
719,Mark Herrera,12261963-0,49,Female,26/11/2019